timestamp,road_id,vehicle_count,average_speed,congestion_level,pm25_concentration,no2_concentration,aqi_label,temperature_c,rainfall_mm,visibility_km,hour,day_type,ai_predicted_speed
2026-05-01 00:00:00,ROAD_001,265,49.0,Low,25.8,18.3,Good,15.8,0.0,8.7,0,Weekday,47.76875396825397
2026-05-01 00:00:00,ROAD_002,263,46.8,Low,24.5,21.4,Good,15.8,0.0,8.7,0,Weekday,46.890500000000046
2026-05-01 00:00:00,ROAD_003,141,55.7,Low,22.6,7.3,Good,15.8,0.0,8.7,0,Weekday,56.34234999999996
2026-05-01 01:00:00,ROAD_001,199,46.8,Low,19.4,11.3,Good,13.4,0.0,8.9,1,Weekday,45.515000000000065
2026-05-01 01:00:00,ROAD_002,258,43.9,Low,26.9,13.3,Good,13.4,0.0,8.9,1,Weekday,45.16300000000002
2026-05-01 01:00:00,ROAD_003,138,57.5,Low,15.5,16.3,Good,13.4,0.0,8.9,1,Weekday,56.97800000000003
2026-05-01 02:00:00,ROAD_001,216,44.6,Low,21.7,25.0,Good,16.9,0.0,8.1,2,Weekday,44.55643333333331
2026-05-01 02:00:00,ROAD_002,199,42.7,Low,28.1,12.1,Good,16.9,0.0,8.1,2,Weekday,44.67299999999997
2026-05-01 02:00:00,ROAD_003,168,50.6,Low,15.9,16.7,Good,16.9,0.0,8.1,2,Weekday,52.04239999999998
2026-05-01 03:00:00,ROAD_001,272,44.8,Low,26.7,18.3,Good,17.4,0.0,9.9,3,Weekday,45.338757142857176
2026-05-01 03:00:00,ROAD_002,143,44.9,Low,19.1,19.2,Good,17.4,0.0,9.9,3,Weekday,45.41559047619048
2026-05-01 03:00:00,ROAD_003,175,51.1,Low,24.5,14.6,Good,17.4,0.0,9.9,3,Weekday,52.81500000000002
2026-05-01 04:00:00,ROAD_001,228,47.1,Low,30.4,21.7,Moderate,19.9,0.0,8.1,4,Weekday,44.78949999999999
2026-05-01 04:00:00,ROAD_002,179,45.3,Low,24.7,20.2,Good,19.9,0.0,8.1,4,Weekday,44.77216666666673
2026-05-01 04:00:00,ROAD_003,151,56.3,Low,16.3,10.5,Good,19.9,0.0,8.1,4,Weekday,55.053638095238114
2026-05-01 05:00:00,ROAD_001,263,44.3,Low,31.7,22.4,Moderate,21.5,0.0,9.3,5,Weekday,43.24839285714289
2026-05-01 05:00:00,ROAD_002,313,44.5,Low,45.9,17.3,Moderate,21.5,0.0,9.3,5,Weekday,42.24006666666667
2026-05-01 05:00:00,ROAD_003,187,55.9,Low,16.3,20.7,Good,21.5,0.0,9.3,5,Weekday,56.5157833333333
2026-05-01 06:00:00,ROAD_001,498,38.1,Low,33.4,25.4,Moderate,21.0,0.0,9.8,6,Weekday,39.392499999999956
2026-05-01 06:00:00,ROAD_002,402,42.6,Low,30.4,26.1,Moderate,21.0,0.0,9.8,6,Weekday,42.16333333333331
2026-05-01 06:00:00,ROAD_003,296,56.7,Low,24.8,19.0,Good,21.0,0.0,9.8,6,Weekday,49.35726666666673
2026-05-01 07:00:00,ROAD_001,576,39.0,Low,38.9,29.0,Moderate,25.3,0.0,8.9,7,Weekday,36.98890000000002
2026-05-01 07:00:00,ROAD_002,587,37.3,Medium,42.5,22.5,Moderate,25.3,0.0,8.9,7,Weekday,38.26850000000004
2026-05-01 07:00:00,ROAD_003,417,55.5,Low,33.7,17.9,Moderate,25.3,0.0,8.9,7,Weekday,53.265814285714356
2026-05-01 08:00:00,ROAD_001,958,37.4,Medium,57.1,44.7,Moderate,24.1,0.0,8.6,8,Weekday,32.027335714285734
2026-05-01 08:00:00,ROAD_002,795,29.9,Medium,56.5,40.8,Moderate,24.1,0.0,8.6,8,Weekday,31.97985714285716
2026-05-01 08:00:00,ROAD_003,668,43.4,Low,52.1,27.8,Moderate,24.1,0.0,8.6,8,Weekday,43.41160793650794
2026-05-01 09:00:00,ROAD_001,1040,26.6,Medium,62.3,44.4,Poor,27.8,0.0,9.3,9,Weekday,27.140999999999973
2026-05-01 09:00:00,ROAD_002,837,32.8,Medium,47.4,41.2,Moderate,27.8,0.0,9.3,9,Weekday,32.67500000000003
2026-05-01 09:00:00,ROAD_003,683,50.4,Low,41.8,32.6,Moderate,27.8,0.0,9.3,9,Weekday,44.7396
2026-05-01 10:00:00,ROAD_001,988,25.7,Medium,60.6,49.8,Poor,30.4,0.0,9.8,10,Weekday,29.262208333333305
2026-05-01 10:00:00,ROAD_002,732,35.3,Medium,49.2,38.7,Moderate,30.4,0.0,9.8,10,Weekday,36.39966666666672
2026-05-01 10:00:00,ROAD_003,587,43.8,Low,44.0,31.7,Moderate,30.4,0.0,9.8,10,Weekday,48.81437222222221
2026-05-01 11:00:00,ROAD_001,656,37.0,Medium,46.0,30.1,Moderate,30.8,0.0,9.8,11,Weekday,37.28499999999999
2026-05-01 11:00:00,ROAD_002,644,38.0,Low,38.0,35.2,Moderate,30.8,0.0,9.8,11,Weekday,38.02499999999999
2026-05-01 11:00:00,ROAD_003,416,53.7,Low,39.5,21.3,Moderate,30.8,0.0,9.8,11,Weekday,53.17599999999993
2026-05-01 12:00:00,ROAD_001,474,45.8,Low,35.1,23.6,Moderate,31.4,0.0,9.3,12,Weekday,43.4304
2026-05-01 12:00:00,ROAD_002,332,40.6,Low,29.6,23.0,Good,31.4,0.0,9.3,12,Weekday,42.91484999999999
2026-05-01 12:00:00,ROAD_003,305,56.1,Low,28.8,26.5,Good,31.4,0.0,9.3,12,Weekday,56.8517
2026-05-01 13:00:00,ROAD_001,347,40.2,Low,25.3,24.1,Good,29.7,0.0,9.2,13,Weekday,41.80699999999993
2026-05-01 13:00:00,ROAD_002,259,46.7,Low,29.0,18.8,Good,29.7,0.0,9.2,13,Weekday,45.472999999999935
2026-05-01 13:00:00,ROAD_003,181,51.7,Low,20.9,19.8,Good,29.7,0.0,9.2,13,Weekday,54.07499999999994
2026-05-01 14:00:00,ROAD_001,336,44.2,Low,25.7,22.4,Good,29.2,0.0,8.3,14,Weekday,43.448799999999956
2026-05-01 14:00:00,ROAD_002,276,40.8,Low,29.2,21.9,Good,29.2,0.0,8.3,14,Weekday,41.34200000000004
2026-05-01 14:00:00,ROAD_003,263,57.7,Low,19.9,15.5,Good,29.2,0.0,8.3,14,Weekday,52.667999999999985
2026-05-01 15:00:00,ROAD_001,490,51.3,Low,39.9,31.7,Moderate,28.9,0.0,9.6,15,Weekday,45.46722380952384
2026-05-01 15:00:00,ROAD_002,429,43.0,Low,32.7,28.1,Moderate,28.9,0.0,9.6,15,Weekday,45.05766666666668
2026-05-01 15:00:00,ROAD_003,282,53.4,Low,25.3,20.2,Good,28.9,0.0,9.6,15,Weekday,53.89200000000001
2026-05-01 16:00:00,ROAD_001,773,29.1,Medium,47.4,41.4,Moderate,26.2,0.0,8.9,16,Weekday,30.826571428571405
2026-05-01 16:00:00,ROAD_002,624,33.8,Medium,39.5,34.6,Moderate,26.2,0.0,8.9,16,Weekday,40.45266666666663
2026-05-01 16:00:00,ROAD_003,468,50.9,Low,36.3,23.8,Moderate,26.2,0.0,8.9,16,Weekday,52.326733333333344
2026-05-01 17:00:00,ROAD_001,977,30.2,Medium,55.7,47.6,Moderate,24.6,0.0,9.1,17,Weekday,26.94295238095239
2026-05-01 17:00:00,ROAD_002,850,31.9,Medium,55.8,43.2,Moderate,24.6,0.0,9.1,17,Weekday,31.665114285714296
2026-05-01 17:00:00,ROAD_003,657,45.3,Low,42.2,30.4,Moderate,24.6,0.0,9.1,17,Weekday,42.67802142857144
2026-05-01 18:00:00,ROAD_001,1149,28.8,Medium,77.3,54.3,Poor,22.9,0.0,9.1,18,Weekday,27.212750000000014
2026-05-01 18:00:00,ROAD_002,939,29.0,Medium,63.6,40.0,Poor,22.9,0.0,9.1,18,Weekday,29.205733333333328
2026-05-01 18:00:00,ROAD_003,817,45.3,Low,47.1,38.4,Moderate,22.9,0.0,9.1,18,Weekday,44.69999523809529
2026-05-01 19:00:00,ROAD_001,1047,24.4,Medium,70.3,40.9,Poor,19.8,0.0,9.0,19,Weekday,25.98400000000001
2026-05-01 19:00:00,ROAD_002,864,32.4,Medium,61.1,34.5,Poor,19.8,0.0,9.0,19,Weekday,30.585833333333365
2026-05-01 19:00:00,ROAD_003,751,44.4,Low,43.9,38.1,Moderate,19.8,0.0,9.0,19,Weekday,43.81500000000001
2026-05-01 20:00:00,ROAD_001,748,33.3,Medium,49.2,38.8,Moderate,18.6,0.0,8.1,20,Weekday,32.52900000000003
2026-05-01 20:00:00,ROAD_002,685,32.0,Medium,56.5,26.2,Moderate,18.6,0.0,8.1,20,Weekday,32.84416666666668
2026-05-01 20:00:00,ROAD_003,491,51.5,Low,38.5,24.7,Moderate,18.6,0.0,8.1,20,Weekday,50.40899999999997
2026-05-01 21:00:00,ROAD_001,443,43.3,Low,36.7,22.7,Moderate,15.6,0.0,8.1,21,Weekday,43.00199999999999
2026-05-01 21:00:00,ROAD_002,425,42.1,Low,38.2,27.4,Moderate,15.6,0.0,8.1,21,Weekday,41.84116666666663
2026-05-01 21:00:00,ROAD_003,278,52.5,Low,31.2,22.2,Moderate,15.6,0.0,8.1,21,Weekday,56.30200000000001
2026-05-01 22:00:00,ROAD_001,365,40.6,Low,34.2,22.0,Moderate,14.7,0.0,10.0,22,Weekday,40.58224999999997
2026-05-01 22:00:00,ROAD_002,253,48.0,Low,30.5,22.1,Moderate,14.7,0.0,10.0,22,Weekday,45.744566666666714
2026-05-01 22:00:00,ROAD_003,261,54.6,Low,30.2,17.9,Moderate,14.7,0.0,10.0,22,Weekday,53.8222
2026-05-01 23:00:00,ROAD_001,270,44.0,Low,27.6,21.8,Good,12.3,0.0,8.8,23,Weekday,43.61200000000007
2026-05-01 23:00:00,ROAD_002,181,52.5,Low,18.1,11.5,Good,12.3,0.0,8.8,23,Weekday,45.632999999999996
2026-05-01 23:00:00,ROAD_003,218,57.8,Low,27.9,20.1,Good,12.3,0.0,8.8,23,Weekday,56.209000000000024
2026-05-02 00:00:00,ROAD_001,395,39.7,Low,37.7,23.2,Moderate,14.0,0.0,8.2,0,Weekend,39.10199999999998
2026-05-02 00:00:00,ROAD_002,293,42.9,Low,30.2,18.0,Moderate,14.0,0.0,8.2,0,Weekend,44.15700000000003
2026-05-02 00:00:00,ROAD_003,228,56.0,Low,26.5,16.0,Good,14.0,0.0,8.2,0,Weekend,54.75749999999998
2026-05-02 01:00:00,ROAD_001,461,41.1,Low,28.5,20.5,Good,15.6,0.0,8.1,1,Weekend,40.67399999999995
2026-05-02 01:00:00,ROAD_002,371,41.6,Low,33.2,28.9,Moderate,15.6,0.0,8.1,1,Weekend,41.561999999999955
2026-05-02 01:00:00,ROAD_003,354,52.1,Low,30.8,18.4,Moderate,15.6,0.0,8.1,1,Weekend,52.50033333333337
2026-05-02 02:00:00,ROAD_001,612,34.8,Medium,45.1,37.6,Moderate,14.9,0.0,8.0,2,Weekend,35.00500000000003
2026-05-02 02:00:00,ROAD_002,495,40.9,Low,40.7,25.7,Moderate,14.9,0.0,8.0,2,Weekend,39.26200000000006
2026-05-02 02:00:00,ROAD_003,408,51.5,Low,33.8,21.2,Moderate,14.9,0.0,8.0,2,Weekend,52.66233333333334
2026-05-02 03:00:00,ROAD_001,778,36.7,Medium,60.8,34.2,Poor,16.4,0.0,9.9,3,Weekend,36.56299999999996
2026-05-02 03:00:00,ROAD_002,634,37.3,Medium,54.5,29.0,Moderate,16.4,0.0,9.9,3,Weekend,36.94300000000005
2026-05-02 03:00:00,ROAD_003,446,48.9,Low,24.5,23.5,Good,16.4,0.0,9.9,3,Weekend,51.00800000000001
2026-05-02 04:00:00,ROAD_001,821,38.5,Low,56.7,36.4,Moderate,16.3,0.0,9.2,4,Weekend,37.29849999999997
2026-05-02 04:00:00,ROAD_002,637,38.2,Low,37.1,39.6,Moderate,16.3,0.0,9.2,4,Weekend,37.82299999999997
2026-05-02 04:00:00,ROAD_003,585,46.4,Low,32.8,35.9,Moderate,16.3,0.0,9.2,4,Weekend,47.52000000000001
2026-05-02 05:00:00,ROAD_001,776,30.1,Medium,47.3,35.8,Moderate,19.8,1.3,6.7,5,Weekend,30.559999999999967
2026-05-02 05:00:00,ROAD_002,681,35.7,Medium,37.7,31.7,Moderate,19.8,1.3,6.7,5,Weekend,34.95999999999996
2026-05-02 05:00:00,ROAD_003,564,47.8,Low,41.3,23.7,Moderate,19.8,1.3,6.7,5,Weekend,46.79000000000005
2026-05-02 06:00:00,ROAD_001,817,39.1,Low,52.3,44.8,Moderate,20.5,0.0,8.7,6,Weekend,36.25399999999996
2026-05-02 06:00:00,ROAD_002,680,39.3,Low,50.7,34.5,Moderate,20.5,0.0,8.7,6,Weekend,38.20800000000003
2026-05-02 06:00:00,ROAD_003,497,48.8,Low,44.8,30.9,Moderate,20.5,0.0,8.7,6,Weekend,48.77500000000005
2026-05-02 07:00:00,ROAD_001,762,28.8,Medium,43.4,28.5,Moderate,22.1,0.0,8.3,7,Weekend,31.200000000000024
2026-05-02 07:00:00,ROAD_002,589,39.9,Low,49.0,30.9,Moderate,22.1,0.0,8.3,7,Weekend,38.98800000000005
2026-05-02 07:00:00,ROAD_003,545,44.5,Low,31.0,28.9,Moderate,22.1,0.0,8.3,7,Weekend,46.104833333333325
2026-05-02 08:00:00,ROAD_001,644,32.3,Medium,43.4,32.2,Moderate,26.0,0.0,10.0,8,Weekend,34.94675000000001
2026-05-02 08:00:00,ROAD_002,455,42.0,Low,39.2,24.8,Moderate,26.0,0.0,10.0,8,Weekend,41.05733333333331
2026-05-02 08:00:00,ROAD_003,482,49.0,Low,34.5,25.0,Moderate,26.0,0.0,10.0,8,Weekend,50.246
2026-05-02 09:00:00,ROAD_001,447,39.0,Low,27.9,24.9,Good,26.3,0.0,8.1,9,Weekend,44.76400000000003
2026-05-02 09:00:00,ROAD_002,402,34.8,Medium,32.6,24.2,Moderate,26.3,0.0,8.1,9,Weekend,44.00133333333338
2026-05-02 09:00:00,ROAD_003,340,56.5,Low,34.6,19.4,Moderate,26.3,0.0,8.1,9,Weekend,55.617000000000004
2026-05-02 10:00:00,ROAD_001,370,38.6,Low,43.5,21.7,Moderate,27.7,0.0,9.5,10,Weekend,40.108142857142816
2026-05-02 10:00:00,ROAD_002,301,37.2,Medium,32.8,16.6,Moderate,27.7,0.0,9.5,10,Weekend,39.37739999999999
2026-05-02 10:00:00,ROAD_003,262,57.4,Low,21.9,19.5,Good,27.7,0.0,9.5,10,Weekend,56.08489999999996
2026-05-02 11:00:00,ROAD_001,327,40.5,Low,28.8,21.3,Good,29.9,0.0,8.9,11,Weekend,40.85649999999999
2026-05-02 11:00:00,ROAD_002,257,42.7,Low,22.7,17.6,Good,29.9,0.0,8.9,11,Weekend,42.64499999999996
2026-05-02 11:00:00,ROAD_003,248,57.6,Low,31.4,21.3,Moderate,29.9,0.0,8.9,11,Weekend,55.46641666666669
2026-05-02 12:00:00,ROAD_001,487,42.9,Low,34.7,33.4,Moderate,28.3,0.0,9.0,12,Weekend,42.09500000000005
2026-05-02 12:00:00,ROAD_002,311,41.5,Low,36.0,15.6,Moderate,28.3,0.0,9.0,12,Weekend,40.86883333333332
2026-05-02 12:00:00,ROAD_003,184,59.0,Low,23.4,16.9,Good,28.3,0.0,9.0,12,Weekend,57.61400000000001
2026-05-02 13:00:00,ROAD_001,461,38.5,Low,33.8,24.5,Moderate,28.1,0.0,8.5,13,Weekend,41.25200000000004
2026-05-02 13:00:00,ROAD_002,366,40.7,Low,19.0,25.5,Good,28.1,0.0,8.5,13,Weekend,40.45899999999996
2026-05-02 13:00:00,ROAD_003,335,52.8,Low,31.3,22.8,Moderate,28.1,0.0,8.5,13,Weekend,52.90650000000009
2026-05-02 14:00:00,ROAD_001,621,37.7,Medium,53.2,38.2,Moderate,27.6,0.0,8.5,14,Weekend,38.27849999999996
2026-05-02 14:00:00,ROAD_002,537,36.5,Medium,36.3,24.8,Moderate,27.6,0.0,8.5,14,Weekend,39.04287500000004
2026-05-02 14:00:00,ROAD_003,411,43.2,Low,31.2,23.2,Moderate,27.6,0.0,8.5,14,Weekend,47.177
2026-05-02 15:00:00,ROAD_001,674,36.8,Medium,59.2,27.1,Moderate,26.8,0.0,9.2,15,Weekend,35.019000000000034
2026-05-02 15:00:00,ROAD_002,594,36.4,Medium,38.7,33.8,Moderate,26.8,0.0,9.2,15,Weekend,37.23487500000002
2026-05-02 15:00:00,ROAD_003,524,51.4,Low,35.0,38.1,Moderate,26.8,0.0,9.2,15,Weekend,51.87099999999999
2026-05-02 16:00:00,ROAD_001,814,33.3,Medium,54.1,44.8,Moderate,25.4,0.0,8.8,16,Weekend,34.42990000000001
2026-05-02 16:00:00,ROAD_002,668,36.4,Medium,42.1,35.7,Moderate,25.4,0.0,8.8,16,Weekend,37.13066666666662
2026-05-02 16:00:00,ROAD_003,525,48.1,Low,41.3,32.5,Moderate,25.4,0.0,8.8,16,Weekend,47.849000000000004
2026-05-02 17:00:00,ROAD_001,829,35.6,Medium,51.1,44.2,Moderate,23.5,0.0,9.0,17,Weekend,33.701999999999956
2026-05-02 17:00:00,ROAD_002,672,29.3,Medium,50.5,30.1,Moderate,23.5,0.0,9.0,17,Weekend,34.886999999999986
2026-05-02 17:00:00,ROAD_003,496,49.7,Low,36.1,30.7,Moderate,23.5,0.0,9.0,17,Weekend,49.40899999999991
2026-05-02 18:00:00,ROAD_001,772,34.8,Medium,50.6,39.3,Moderate,23.6,0.0,9.1,18,Weekend,34.98500000000003
2026-05-02 18:00:00,ROAD_002,638,35.5,Medium,46.3,37.3,Moderate,23.6,0.0,9.1,18,Weekend,36.025999999999996
2026-05-02 18:00:00,ROAD_003,577,48.2,Low,38.5,31.8,Moderate,23.6,0.0,9.1,18,Weekend,48.701999999999956
2026-05-02 19:00:00,ROAD_001,780,35.0,Medium,48.4,40.6,Moderate,18.9,0.0,8.6,19,Weekend,35.387
2026-05-02 19:00:00,ROAD_002,651,35.1,Medium,42.2,30.6,Moderate,18.9,0.0,8.6,19,Weekend,35.354999999999976
2026-05-02 19:00:00,ROAD_003,518,52.1,Low,45.2,32.2,Moderate,18.9,0.0,8.6,19,Weekend,51.967
2026-05-02 20:00:00,ROAD_001,557,36.9,Medium,40.9,32.8,Moderate,17.0,0.0,9.1,20,Weekend,36.78000000000006
2026-05-02 20:00:00,ROAD_002,464,33.4,Medium,36.8,36.8,Moderate,17.0,0.0,9.1,20,Weekend,35.60141666666671
2026-05-02 20:00:00,ROAD_003,391,52.0,Low,41.5,26.0,Moderate,17.0,0.0,9.1,20,Weekend,49.46600000000002
2026-05-02 21:00:00,ROAD_001,490,36.4,Medium,30.3,34.7,Moderate,17.2,0.0,9.8,21,Weekend,42.741500000000016
2026-05-02 21:00:00,ROAD_002,407,41.8,Low,32.9,27.4,Moderate,17.2,0.0,9.8,21,Weekend,41.171250000000065
2026-05-02 21:00:00,ROAD_003,421,52.8,Low,31.0,24.2,Moderate,17.2,0.0,9.8,21,Weekend,51.28590000000001
2026-05-02 22:00:00,ROAD_001,426,34.2,Medium,33.0,27.4,Moderate,16.3,0.0,8.7,22,Weekend,37.37554166666664
2026-05-02 22:00:00,ROAD_002,377,39.7,Low,24.5,22.2,Good,16.3,0.0,8.7,22,Weekend,39.074999999999946
2026-05-02 22:00:00,ROAD_003,216,55.1,Low,24.7,12.3,Good,16.3,0.0,8.7,22,Weekend,53.74213333333334
2026-05-02 23:00:00,ROAD_001,403,36.1,Medium,28.0,26.2,Good,15.9,0.0,8.8,23,Weekend,38.686999999999976
2026-05-02 23:00:00,ROAD_002,268,43.9,Low,27.1,20.0,Good,15.9,0.0,8.8,23,Weekend,43.00700000000003
2026-05-02 23:00:00,ROAD_003,212,56.0,Low,20.6,20.1,Good,15.9,0.0,8.8,23,Weekend,55.411
2026-05-03 00:00:00,ROAD_001,494,36.4,Medium,44.2,16.7,Moderate,12.8,0.0,9.8,0,Weekend,38.81300000000002
2026-05-03 00:00:00,ROAD_002,243,41.2,Low,20.0,19.3,Good,12.8,0.0,9.8,0,Weekend,41.62499999999997
2026-05-03 00:00:00,ROAD_003,273,53.5,Low,26.5,21.7,Good,12.8,0.0,9.8,0,Weekend,53.472316666666664
2026-05-03 01:00:00,ROAD_001,465,40.1,Low,38.4,23.2,Moderate,14.8,0.0,8.5,1,Weekend,41.48599999999998
2026-05-03 01:00:00,ROAD_002,396,41.8,Low,29.3,20.9,Good,14.8,0.0,8.5,1,Weekend,42.278600000000054
2026-05-03 01:00:00,ROAD_003,323,52.9,Low,32.0,17.1,Moderate,14.8,0.0,8.5,1,Weekend,55.34178333333329
2026-05-03 02:00:00,ROAD_001,632,34.0,Medium,44.6,33.1,Moderate,13.5,0.0,8.5,2,Weekend,35.035999999999994
2026-05-03 02:00:00,ROAD_002,565,35.2,Medium,37.1,26.0,Moderate,13.5,0.0,8.5,2,Weekend,37.4443333333333
2026-05-03 02:00:00,ROAD_003,333,58.4,Low,23.8,18.4,Good,13.5,0.0,8.5,2,Weekend,52.62533333333338
2026-05-03 03:00:00,ROAD_001,750,30.1,Medium,55.0,27.6,Moderate,16.7,0.0,8.8,3,Weekend,32.34019999999995
2026-05-03 03:00:00,ROAD_002,529,37.3,Medium,43.7,28.4,Moderate,16.7,0.0,8.8,3,Weekend,36.48186666666671
2026-05-03 03:00:00,ROAD_003,466,54.3,Low,46.7,29.0,Moderate,16.7,0.0,8.8,3,Weekend,53.29800000000002
2026-05-03 04:00:00,ROAD_001,756,34.6,Medium,40.9,38.7,Moderate,16.6,0.0,8.5,4,Weekend,34.809333333333285
2026-05-03 04:00:00,ROAD_002,753,36.5,Medium,46.5,38.5,Moderate,16.6,0.0,8.5,4,Weekend,37.21380000000001
2026-05-03 04:00:00,ROAD_003,603,52.1,Low,37.1,33.1,Moderate,16.6,0.0,8.5,4,Weekend,51.365000000000016
2026-05-03 05:00:00,ROAD_001,826,32.5,Medium,43.8,40.5,Moderate,20.0,0.6,5.8,5,Weekend,32.66299999999999
2026-05-03 05:00:00,ROAD_002,639,33.4,Medium,49.3,28.1,Moderate,20.0,0.6,5.8,5,Weekend,35.08400000000003
2026-05-03 05:00:00,ROAD_003,582,41.7,Low,50.4,28.4,Moderate,20.0,0.6,5.8,5,Weekend,43.65499999999995
2026-05-03 06:00:00,ROAD_001,832,26.5,Medium,50.2,35.2,Moderate,20.1,1.1,5.4,6,Weekend,31.831999999999976
2026-05-03 06:00:00,ROAD_002,605,38.7,Low,38.3,30.8,Moderate,20.1,1.1,5.4,6,Weekend,36.527999999999956
2026-05-03 06:00:00,ROAD_003,545,46.0,Low,47.2,27.6,Moderate,20.1,1.1,5.4,6,Weekend,46.19560000000001
2026-05-03 07:00:00,ROAD_001,745,37.4,Medium,51.6,29.8,Moderate,25.3,0.0,8.5,7,Weekend,36.34500000000004
2026-05-03 07:00:00,ROAD_002,570,37.4,Medium,40.3,32.4,Moderate,25.3,0.0,8.5,7,Weekend,37.57800000000003
2026-05-03 07:00:00,ROAD_003,487,45.8,Low,38.8,29.5,Moderate,25.3,0.0,8.5,7,Weekend,47.696000000000055
2026-05-03 08:00:00,ROAD_001,597,31.1,Medium,42.0,30.5,Moderate,27.4,1.0,6.4,8,Weekend,34.400760714285724
2026-05-03 08:00:00,ROAD_002,510,34.0,Medium,30.5,30.9,Moderate,27.4,1.0,6.4,8,Weekend,35.879
2026-05-03 08:00:00,ROAD_003,398,52.3,Low,31.1,22.8,Moderate,27.4,1.0,6.4,8,Weekend,51.061333333333394
2026-05-03 09:00:00,ROAD_001,483,38.6,Low,34.6,25.7,Moderate,29.0,0.0,8.6,9,Weekend,39.03399999999995
2026-05-03 09:00:00,ROAD_002,408,40.1,Low,39.6,20.7,Moderate,29.0,0.0,8.6,9,Weekend,41.20816666666664
2026-05-03 09:00:00,ROAD_003,312,52.2,Low,36.3,21.7,Moderate,29.0,0.0,8.6,9,Weekend,49.194500000000005
2026-05-03 10:00:00,ROAD_001,402,44.3,Low,33.5,28.3,Moderate,29.4,0.0,8.6,10,Weekend,43.72100000000003
2026-05-03 10:00:00,ROAD_002,306,47.9,Low,40.3,19.3,Moderate,29.4,0.0,8.6,10,Weekend,45.96733333333334
2026-05-03 10:00:00,ROAD_003,243,59.3,Low,33.8,16.4,Moderate,29.4,0.0,8.6,10,Weekend,56.149333333333395
2026-05-03 11:00:00,ROAD_001,306,40.9,Low,23.7,17.6,Good,28.2,0.0,8.5,11,Weekend,40.998000000000026
2026-05-03 11:00:00,ROAD_002,298,44.5,Low,36.2,16.4,Moderate,28.2,0.0,8.5,11,Weekend,43.51966666666667
2026-05-03 11:00:00,ROAD_003,279,53.5,Low,27.3,22.5,Good,28.2,0.0,8.5,11,Weekend,53.62991666666667
2026-05-03 12:00:00,ROAD_001,398,43.2,Low,34.4,33.8,Moderate,28.7,0.0,9.2,12,Weekend,41.454999999999956
2026-05-03 12:00:00,ROAD_002,301,42.1,Low,25.4,18.3,Good,28.7,0.0,9.2,12,Weekend,41.967999999999975
2026-05-03 12:00:00,ROAD_003,235,58.7,Low,32.7,15.9,Moderate,28.7,0.0,9.2,12,Weekend,57.45433333333328
2026-05-03 13:00:00,ROAD_001,457,42.4,Low,36.6,19.9,Moderate,28.3,0.0,9.4,13,Weekend,40.942000000000064
2026-05-03 13:00:00,ROAD_002,461,45.8,Low,32.7,24.6,Moderate,28.3,0.0,9.4,13,Weekend,41.57733333333334
2026-05-03 13:00:00,ROAD_003,331,54.1,Low,33.2,29.6,Moderate,28.3,0.0,9.4,13,Weekend,56.76400000000003
2026-05-03 14:00:00,ROAD_001,544,36.5,Medium,39.3,36.2,Moderate,28.6,0.0,8.2,14,Weekend,37.28942380952378
2026-05-03 14:00:00,ROAD_002,479,40.7,Low,36.5,31.5,Moderate,28.6,0.0,8.2,14,Weekend,40.74501111111115
2026-05-03 14:00:00,ROAD_003,501,48.0,Low,35.1,31.7,Moderate,28.6,0.0,8.2,14,Weekend,52.07479999999999
2026-05-03 15:00:00,ROAD_001,743,33.4,Medium,51.4,40.4,Moderate,27.9,0.0,9.4,15,Weekend,34.88700000000004
2026-05-03 15:00:00,ROAD_002,632,38.4,Low,48.8,36.8,Moderate,27.9,0.0,9.4,15,Weekend,38.37892500000005
2026-05-03 15:00:00,ROAD_003,535,50.8,Low,38.2,29.3,Moderate,27.9,0.0,9.4,15,Weekend,50.73733333333342
2026-05-03 16:00:00,ROAD_001,822,31.7,Medium,52.1,43.9,Moderate,27.0,0.0,8.7,16,Weekend,32.41099999999996
2026-05-03 16:00:00,ROAD_002,680,36.0,Medium,38.8,36.8,Moderate,27.0,0.0,8.7,16,Weekend,35.27049999999999
2026-05-03 16:00:00,ROAD_003,564,54.7,Low,38.8,30.6,Moderate,27.0,0.0,8.7,16,Weekend,52.32799999999997
2026-05-03 17:00:00,ROAD_001,836,33.4,Medium,55.7,40.0,Moderate,24.2,0.0,9.5,17,Weekend,32.50200000000003
2026-05-03 17:00:00,ROAD_002,682,36.4,Medium,51.1,29.8,Moderate,24.2,0.0,9.5,17,Weekend,32.828000000000024
2026-05-03 17:00:00,ROAD_003,565,46.1,Low,46.4,23.7,Moderate,24.2,0.0,9.5,17,Weekend,47.402999999999984
2026-05-03 18:00:00,ROAD_001,785,34.8,Medium,58.2,37.2,Moderate,23.5,0.0,8.1,18,Weekend,36.474000000000004
2026-05-03 18:00:00,ROAD_002,650,42.1,Low,37.0,24.0,Moderate,23.5,0.0,8.1,18,Weekend,39.05099999999996
2026-05-03 18:00:00,ROAD_003,556,46.9,Low,34.9,32.3,Moderate,23.5,0.0,8.1,18,Weekend,47.90699999999998
2026-05-03 19:00:00,ROAD_001,668,38.7,Low,48.3,33.0,Moderate,20.7,0.0,8.2,19,Weekend,37.24499999999996
2026-05-03 19:00:00,ROAD_002,673,32.8,Medium,37.7,30.8,Moderate,20.7,0.0,8.2,19,Weekend,34.10166666666671
2026-05-03 19:00:00,ROAD_003,478,50.8,Low,35.3,28.1,Moderate,20.7,0.0,8.2,19,Weekend,50.03400000000006
2026-05-03 20:00:00,ROAD_001,549,42.9,Low,39.3,33.7,Moderate,16.1,0.0,8.4,20,Weekend,40.563000000000024
2026-05-03 20:00:00,ROAD_002,513,40.7,Low,40.9,29.7,Moderate,16.1,0.0,8.4,20,Weekend,39.881000000000014
2026-05-03 20:00:00,ROAD_003,425,55.1,Low,35.1,27.7,Moderate,16.1,0.0,8.4,20,Weekend,52.73500000000002
2026-05-03 21:00:00,ROAD_001,452,46.0,Low,35.1,20.1,Moderate,16.3,0.0,9.6,21,Weekend,43.44000000000001
2026-05-03 21:00:00,ROAD_002,405,39.5,Low,37.4,21.6,Moderate,16.3,0.0,9.6,21,Weekend,39.61199999999999
2026-05-03 21:00:00,ROAD_003,302,48.0,Low,26.3,10.9,Good,16.3,0.0,9.6,21,Weekend,48.80699999999999
2026-05-03 22:00:00,ROAD_001,423,42.5,Low,29.2,24.6,Good,14.2,0.0,9.2,22,Weekend,43.89987500000004
2026-05-03 22:00:00,ROAD_002,326,39.7,Low,37.2,24.9,Moderate,14.2,0.0,9.2,22,Weekend,41.25699999999996
2026-05-03 22:00:00,ROAD_003,252,54.8,Low,27.4,10.7,Good,14.2,0.0,9.2,22,Weekend,54.328000000000046
2026-05-03 23:00:00,ROAD_001,319,42.5,Low,38.3,23.7,Moderate,13.7,0.0,8.2,23,Weekend,43.335000000000015
2026-05-03 23:00:00,ROAD_002,277,45.9,Low,34.5,23.4,Moderate,13.7,0.0,8.2,23,Weekend,44.73000000000002
2026-05-03 23:00:00,ROAD_003,242,53.0,Low,29.4,20.0,Good,13.7,0.0,8.2,23,Weekend,53.786
2026-05-04 00:00:00,ROAD_001,281,42.5,Low,34.2,20.6,Moderate,15.2,0.0,9.4,0,Weekday,43.24497142857143
2026-05-04 00:00:00,ROAD_002,283,42.0,Low,36.4,20.7,Moderate,15.2,0.0,9.4,0,Weekday,45.095800793650795
2026-05-04 00:00:00,ROAD_003,133,55.8,Low,19.4,16.4,Good,15.2,0.0,9.4,0,Weekday,57.330238095238094
2026-05-04 01:00:00,ROAD_001,260,42.9,Low,26.6,27.7,Good,13.6,0.0,10.0,1,Weekday,44.06100000000002
2026-05-04 01:00:00,ROAD_002,269,45.7,Low,27.3,19.9,Good,13.6,0.0,10.0,1,Weekday,45.086999999999996
2026-05-04 01:00:00,ROAD_003,184,53.1,Low,22.0,9.8,Good,13.6,0.0,10.0,1,Weekday,54.33300000000002
2026-05-04 02:00:00,ROAD_001,221,50.1,Low,18.8,11.9,Good,16.0,0.0,9.7,2,Weekday,47.913000000000004
2026-05-04 02:00:00,ROAD_002,209,48.8,Low,32.8,15.5,Moderate,16.0,0.0,9.7,2,Weekday,48.528000000000056
2026-05-04 02:00:00,ROAD_003,203,55.7,Low,23.3,20.6,Good,16.0,0.0,9.7,2,Weekday,55.24199999999993
2026-05-04 03:00:00,ROAD_001,301,47.9,Low,25.4,22.1,Good,16.7,0.0,8.6,3,Weekday,46.58307142857145
2026-05-04 03:00:00,ROAD_002,221,46.2,Low,22.2,15.0,Good,16.7,0.0,8.6,3,Weekday,46.98999999999995
2026-05-04 03:00:00,ROAD_003,160,60.2,Low,24.9,14.1,Good,16.7,0.0,8.6,3,Weekday,59.123333333333264
2026-05-04 04:00:00,ROAD_001,301,38.5,Low,26.7,16.1,Good,18.1,0.0,8.9,4,Weekday,40.881333333333316
2026-05-04 04:00:00,ROAD_002,161,50.1,Low,19.9,17.0,Good,18.1,0.0,8.9,4,Weekday,48.448
2026-05-04 04:00:00,ROAD_003,168,57.9,Low,22.9,10.7,Good,18.1,0.0,8.9,4,Weekday,55.77100000000005
2026-05-04 05:00:00,ROAD_001,330,38.9,Low,25.7,23.6,Good,19.7,0.0,9.7,5,Weekday,45.700666666666656
2026-05-04 05:00:00,ROAD_002,287,47.7,Low,34.0,19.7,Moderate,19.7,0.0,9.7,5,Weekday,47.134083333333294
2026-05-04 05:00:00,ROAD_003,217,59.4,Low,23.2,19.1,Good,19.7,0.0,9.7,5,Weekday,57.32447857142861
2026-05-04 06:00:00,ROAD_001,468,40.4,Low,39.7,26.1,Moderate,20.2,0.0,8.5,6,Weekday,43.5398523809524
2026-05-04 06:00:00,ROAD_002,368,36.3,Medium,36.1,24.3,Moderate,20.2,0.0,8.5,6,Weekday,40.44147500000001
2026-05-04 06:00:00,ROAD_003,332,44.4,Low,40.4,21.1,Moderate,20.2,0.0,8.5,6,Weekday,50.57395396825398
2026-05-04 07:00:00,ROAD_001,645,38.5,Low,45.4,30.0,Moderate,23.3,0.0,8.1,7,Weekday,34.577258730158725
2026-05-04 07:00:00,ROAD_002,612,36.8,Medium,45.3,27.8,Moderate,23.3,0.0,8.1,7,Weekday,38.750000000000036
2026-05-04 07:00:00,ROAD_003,454,56.6,Low,40.2,27.1,Moderate,23.3,0.0,8.1,7,Weekday,51.08100000000006
2026-05-04 08:00:00,ROAD_001,1000,32.7,Medium,63.2,40.4,Poor,27.7,0.0,8.1,8,Weekday,29.130000000000006
2026-05-04 08:00:00,ROAD_002,861,28.6,Medium,55.3,37.1,Moderate,27.7,0.0,8.1,8,Weekday,29.89433333333329
2026-05-04 08:00:00,ROAD_003,634,47.8,Low,45.1,33.9,Moderate,27.7,0.0,8.1,8,Weekday,46.45560000000005
2026-05-04 09:00:00,ROAD_001,1070,30.6,Medium,69.1,42.5,Poor,28.6,0.0,9.1,9,Weekday,27.76046666666666
2026-05-04 09:00:00,ROAD_002,923,32.9,Medium,55.0,47.8,Moderate,28.6,0.0,9.1,9,Weekday,32.209300000000006
2026-05-04 09:00:00,ROAD_003,713,45.5,Low,46.2,35.0,Moderate,28.6,0.0,9.1,9,Weekday,45.861116666666646
2026-05-04 10:00:00,ROAD_001,1019,26.2,Medium,55.9,37.1,Moderate,28.4,0.0,8.6,10,Weekday,28.350583333333308
2026-05-04 10:00:00,ROAD_002,770,30.0,Medium,57.9,41.0,Moderate,28.4,0.0,8.6,10,Weekday,31.551850000000023
2026-05-04 10:00:00,ROAD_003,609,54.1,Low,47.3,30.0,Moderate,28.4,0.0,8.6,10,Weekday,52.231
2026-05-04 11:00:00,ROAD_001,627,32.0,Medium,48.3,41.7,Moderate,29.6,0.0,9.0,11,Weekday,34.24420000000001
2026-05-04 11:00:00,ROAD_002,624,38.7,Low,46.1,35.3,Moderate,29.6,0.0,9.0,11,Weekday,36.798600000000015
2026-05-04 11:00:00,ROAD_003,485,50.7,Low,37.3,26.7,Moderate,29.6,0.0,9.0,11,Weekday,51.955
2026-05-04 12:00:00,ROAD_001,411,40.6,Low,25.0,24.0,Good,31.7,0.0,8.1,12,Weekday,41.11799999999997
2026-05-04 12:00:00,ROAD_002,328,39.9,Low,30.7,27.0,Moderate,31.7,0.0,8.1,12,Weekday,40.04600000000001
2026-05-04 12:00:00,ROAD_003,331,48.4,Low,24.9,25.3,Good,31.7,0.0,8.1,12,Weekday,55.99299999999998
2026-05-04 13:00:00,ROAD_001,344,39.9,Low,31.0,16.7,Moderate,28.2,0.0,8.8,13,Weekday,41.556550000000016
2026-05-04 13:00:00,ROAD_002,244,45.9,Low,18.0,20.3,Good,28.2,0.0,8.8,13,Weekday,40.26516666666671
2026-05-04 13:00:00,ROAD_003,214,57.2,Low,25.7,22.9,Good,28.2,0.0,8.8,13,Weekday,55.180583333333324
2026-05-04 14:00:00,ROAD_001,334,44.7,Low,30.3,21.9,Moderate,29.5,0.0,8.1,14,Weekday,43.757999999999946
2026-05-04 14:00:00,ROAD_002,246,42.9,Low,19.1,25.6,Good,29.5,0.0,8.1,14,Weekday,43.86199999999999
2026-05-04 14:00:00,ROAD_003,169,54.4,Low,19.0,19.5,Good,29.5,0.0,8.1,14,Weekday,54.17499999999996
2026-05-04 15:00:00,ROAD_001,443,41.6,Low,30.8,34.1,Moderate,27.4,0.0,9.6,15,Weekday,40.94483333333328
2026-05-04 15:00:00,ROAD_002,344,43.8,Low,33.6,23.7,Moderate,27.4,0.0,9.6,15,Weekday,43.27900000000005
2026-05-04 15:00:00,ROAD_003,305,53.3,Low,28.9,20.1,Good,27.4,0.0,9.6,15,Weekday,54.41536111111117
2026-05-04 16:00:00,ROAD_001,724,30.8,Medium,47.1,45.7,Moderate,26.2,0.0,9.2,16,Weekday,30.826571428571405
2026-05-04 16:00:00,ROAD_002,589,42.6,Low,49.9,28.4,Moderate,26.2,0.0,9.2,16,Weekday,40.45266666666663
2026-05-04 16:00:00,ROAD_003,520,54.1,Low,36.5,27.4,Moderate,26.2,0.0,9.2,16,Weekday,52.326733333333344
2026-05-04 17:00:00,ROAD_001,1034,25.4,Medium,58.3,41.3,Moderate,25.6,0.0,8.2,17,Weekday,25.985000000000035
2026-05-04 17:00:00,ROAD_002,883,29.3,Medium,55.9,34.7,Moderate,25.6,0.0,8.2,17,Weekday,31.575366666666678
2026-05-04 17:00:00,ROAD_003,718,47.5,Low,37.3,36.6,Moderate,25.6,0.0,8.2,17,Weekday,46.74266666666666
2026-05-04 18:00:00,ROAD_001,1266,24.9,Medium,68.4,54.1,Poor,22.7,0.0,8.7,18,Weekday,25.74883333333336
2026-05-04 18:00:00,ROAD_002,1022,28.9,Medium,63.7,42.1,Poor,22.7,0.0,8.7,18,Weekday,29.244333333333376
2026-05-04 18:00:00,ROAD_003,806,39.0,Low,50.7,34.6,Moderate,22.7,0.0,8.7,18,Weekday,40.704750000000026
2026-05-04 19:00:00,ROAD_001,1101,28.9,Medium,59.1,47.3,Moderate,19.3,0.0,9.5,19,Weekday,27.93573333333333
2026-05-04 19:00:00,ROAD_002,930,31.1,Medium,68.4,44.1,Poor,19.3,0.0,9.5,19,Weekday,31.62279285714286
2026-05-04 19:00:00,ROAD_003,713,44.2,Low,47.8,34.3,Moderate,19.3,0.0,9.5,19,Weekday,43.15599999999997
2026-05-04 20:00:00,ROAD_001,714,31.1,Medium,37.9,37.0,Moderate,18.8,0.0,9.6,20,Weekday,31.466999999999974
2026-05-04 20:00:00,ROAD_002,577,31.5,Medium,42.9,40.2,Moderate,18.8,0.0,9.6,20,Weekday,32.318000000000005
2026-05-04 20:00:00,ROAD_003,497,52.2,Low,37.8,27.0,Moderate,18.8,0.0,9.6,20,Weekday,51.16399999999992
2026-05-04 21:00:00,ROAD_001,478,41.0,Low,33.2,30.7,Moderate,17.9,0.0,8.8,21,Weekday,40.839733333333356
2026-05-04 21:00:00,ROAD_002,382,39.8,Low,34.9,19.8,Moderate,17.9,0.0,8.8,21,Weekday,43.2305
2026-05-04 21:00:00,ROAD_003,312,53.5,Low,34.5,22.8,Moderate,17.9,0.0,8.8,21,Weekday,57.238000000000056
2026-05-04 22:00:00,ROAD_001,313,45.9,Low,36.0,23.2,Moderate,16.5,0.0,8.3,22,Weekday,46.66766666666674
2026-05-04 22:00:00,ROAD_002,262,40.6,Low,21.5,17.9,Good,16.5,0.0,8.3,22,Weekday,43.96594999999999
2026-05-04 22:00:00,ROAD_003,185,55.6,Low,23.6,18.6,Good,16.5,0.0,8.3,22,Weekday,57.3213619047619
2026-05-04 23:00:00,ROAD_001,260,38.7,Low,22.0,18.5,Good,14.0,0.0,9.9,23,Weekday,40.95199999999998
2026-05-04 23:00:00,ROAD_002,166,48.3,Low,30.1,20.7,Moderate,14.0,0.0,9.9,23,Weekday,48.85600000000006
2026-05-04 23:00:00,ROAD_003,163,61.1,Low,23.1,14.4,Good,14.0,0.0,9.9,23,Weekday,59.264000000000024
2026-05-05 00:00:00,ROAD_001,215,44.6,Low,22.7,18.2,Good,13.0,0.0,10.0,0,Weekday,44.84899999999999
2026-05-05 00:00:00,ROAD_002,206,45.7,Low,26.5,22.0,Good,13.0,0.0,10.0,0,Weekday,46.69999999999995
2026-05-05 00:00:00,ROAD_003,197,51.4,Low,11.1,20.6,Good,13.0,0.0,10.0,0,Weekday,57.23600000000004
2026-05-05 01:00:00,ROAD_001,185,45.5,Low,17.5,9.3,Good,15.8,0.0,8.3,1,Weekday,46.442
2026-05-05 01:00:00,ROAD_002,221,47.7,Low,22.1,7.4,Good,15.8,0.0,8.3,1,Weekday,47.094999999999956
2026-05-05 01:00:00,ROAD_003,138,58.3,Low,13.8,15.6,Good,15.8,0.0,8.3,1,Weekday,57.69400000000005
2026-05-05 02:00:00,ROAD_001,239,46.8,Low,26.4,14.5,Good,14.0,0.0,8.0,2,Weekday,45.395000000000074
2026-05-05 02:00:00,ROAD_002,248,44.4,Low,26.0,14.9,Good,14.0,0.0,8.0,2,Weekday,45.41000000000002
2026-05-05 02:00:00,ROAD_003,142,54.4,Low,20.5,21.8,Good,14.0,0.0,8.0,2,Weekday,59.874000000000024
2026-05-05 03:00:00,ROAD_001,301,43.1,Low,25.2,24.7,Good,15.9,0.0,8.8,3,Weekday,46.41000000000001
2026-05-05 03:00:00,ROAD_002,177,51.8,Low,26.4,14.2,Good,15.9,0.0,8.8,3,Weekday,48.10900000000002
2026-05-05 03:00:00,ROAD_003,248,53.0,Low,29.9,19.9,Good,15.9,0.0,8.8,3,Weekday,57.25499999999999
2026-05-05 04:00:00,ROAD_001,256,42.4,Low,28.8,16.2,Good,18.5,0.0,9.3,4,Weekday,43.35166666666671
2026-05-05 04:00:00,ROAD_002,293,44.3,Low,26.4,21.0,Good,18.5,0.0,9.3,4,Weekday,45.10466666666672
2026-05-05 04:00:00,ROAD_003,116,54.7,Low,26.2,11.4,Good,18.5,0.0,9.3,4,Weekday,54.678549999999944
2026-05-05 05:00:00,ROAD_001,316,41.3,Low,25.3,24.6,Good,18.6,0.0,8.4,5,Weekday,44.257000000000026
2026-05-05 05:00:00,ROAD_002,278,48.1,Low,21.2,17.7,Good,18.6,0.0,8.4,5,Weekday,47.35033333333335
2026-05-05 05:00:00,ROAD_003,214,52.8,Low,27.8,22.4,Good,18.6,0.0,8.4,5,Weekday,53.281000000000034
2026-05-05 06:00:00,ROAD_001,413,44.2,Low,33.9,25.5,Moderate,23.9,0.0,8.1,6,Weekday,44.335999999999984
2026-05-05 06:00:00,ROAD_002,426,42.6,Low,36.9,29.2,Moderate,23.9,0.0,8.1,6,Weekday,42.869999999999955
2026-05-05 06:00:00,ROAD_003,278,51.7,Low,22.3,11.9,Good,23.9,0.0,8.1,6,Weekday,52.4251666666666
2026-05-05 07:00:00,ROAD_001,663,35.2,Medium,45.9,32.5,Moderate,25.8,0.0,9.2,7,Weekday,36.05319999999999
2026-05-05 07:00:00,ROAD_002,515,42.0,Low,39.7,29.1,Moderate,25.8,0.0,9.2,7,Weekday,39.65883333333334
2026-05-05 07:00:00,ROAD_003,488,47.4,Low,43.0,26.5,Moderate,25.8,0.0,9.2,7,Weekday,51.091247619047664
2026-05-05 08:00:00,ROAD_001,963,26.0,Medium,60.3,41.1,Poor,26.6,0.0,9.6,8,Weekday,29.19219999999999
2026-05-05 08:00:00,ROAD_002,775,35.6,Medium,56.1,37.2,Moderate,26.6,0.0,9.6,8,Weekday,34.37391666666666
2026-05-05 08:00:00,ROAD_003,649,51.6,Low,45.4,43.1,Moderate,26.6,0.0,9.6,8,Weekday,49.10840000000001
2026-05-05 09:00:00,ROAD_001,1110,28.0,Medium,71.4,51.5,Poor,27.9,0.0,8.6,9,Weekday,27.74499999999999
2026-05-05 09:00:00,ROAD_002,894,27.7,Medium,54.2,37.9,Moderate,27.9,0.0,8.6,9,Weekday,32.69400000000003
2026-05-05 09:00:00,ROAD_003,696,47.3,Low,54.7,35.9,Moderate,27.9,0.0,8.6,9,Weekday,46.076600000000035
2026-05-05 10:00:00,ROAD_001,1003,27.3,Medium,59.5,45.2,Moderate,27.7,0.0,9.2,10,Weekday,27.618250000000003
2026-05-05 10:00:00,ROAD_002,765,36.0,Medium,48.8,38.5,Moderate,27.7,0.0,9.2,10,Weekday,33.715
2026-05-05 10:00:00,ROAD_003,601,46.2,Low,45.7,29.5,Moderate,27.7,0.0,9.2,10,Weekday,46.26759999999994
2026-05-05 11:00:00,ROAD_001,752,33.1,Medium,50.0,40.1,Moderate,29.2,0.0,10.0,11,Weekday,36.37575000000002
2026-05-05 11:00:00,ROAD_002,512,34.1,Medium,30.4,33.0,Moderate,29.2,0.0,10.0,11,Weekday,35.49199999999997
2026-05-05 11:00:00,ROAD_003,433,58.7,Low,31.7,25.9,Moderate,29.2,0.0,10.0,11,Weekday,56.275999999999925
2026-05-05 12:00:00,ROAD_001,524,42.7,Low,43.7,30.7,Moderate,30.2,0.0,9.2,12,Weekday,39.09116666666666
2026-05-05 12:00:00,ROAD_002,399,40.0,Low,28.9,24.0,Good,30.2,0.0,9.2,12,Weekday,39.985
2026-05-05 12:00:00,ROAD_003,287,52.7,Low,31.4,23.9,Moderate,30.2,0.0,9.2,12,Weekday,53.0546666666666
2026-05-05 13:00:00,ROAD_001,276,43.7,Low,23.8,12.2,Good,29.8,0.0,9.6,13,Weekday,43.04599999999994
2026-05-05 13:00:00,ROAD_002,265,44.1,Low,34.5,21.8,Moderate,29.8,0.0,9.6,13,Weekday,44.24199999999996
2026-05-05 13:00:00,ROAD_003,174,61.9,Low,28.9,18.4,Good,29.8,0.0,9.6,13,Weekday,59.46299999999994
2026-05-05 14:00:00,ROAD_001,314,46.7,Low,38.6,27.2,Moderate,28.6,0.0,8.2,14,Weekday,44.750999999999955
2026-05-05 14:00:00,ROAD_002,255,41.3,Low,27.2,11.9,Good,28.6,0.0,8.2,14,Weekday,42.24480000000004
2026-05-05 14:00:00,ROAD_003,232,54.7,Low,23.1,11.7,Good,28.6,0.0,8.2,14,Weekday,54.816333333333326
2026-05-05 15:00:00,ROAD_001,490,38.2,Low,31.2,15.7,Moderate,29.0,0.0,9.7,15,Weekday,37.27995714285712
2026-05-05 15:00:00,ROAD_002,390,47.2,Low,40.9,21.8,Moderate,29.0,0.0,9.7,15,Weekday,45.316333333333276
2026-05-05 15:00:00,ROAD_003,289,55.4,Low,23.0,21.3,Good,29.0,0.0,9.7,15,Weekday,54.584
2026-05-05 16:00:00,ROAD_001,742,33.9,Medium,44.0,32.7,Moderate,26.6,0.0,9.5,16,Weekday,35.33900000000005
2026-05-05 16:00:00,ROAD_002,613,38.3,Low,47.2,28.2,Moderate,26.6,0.0,9.5,16,Weekday,38.86066666666671
2026-05-05 16:00:00,ROAD_003,557,47.6,Low,40.0,26.5,Moderate,26.6,0.0,9.5,16,Weekday,49.04400000000001
2026-05-05 17:00:00,ROAD_001,961,32.6,Medium,61.9,42.5,Poor,22.3,0.0,8.1,17,Weekday,30.44759999999997
2026-05-05 17:00:00,ROAD_002,884,33.1,Medium,47.0,38.8,Moderate,22.3,0.0,8.1,17,Weekday,33.28833333333332
2026-05-05 17:00:00,ROAD_003,737,40.9,Low,49.6,30.4,Moderate,22.3,0.0,8.1,17,Weekday,42.66100000000005
2026-05-05 18:00:00,ROAD_001,1135,29.8,Medium,62.4,46.5,Poor,23.9,0.0,8.9,18,Weekday,25.870599999999985
2026-05-05 18:00:00,ROAD_002,1008,32.4,Medium,55.3,45.5,Moderate,23.9,0.0,8.9,18,Weekday,32.38306666666667
2026-05-05 18:00:00,ROAD_003,817,45.1,Low,52.6,37.1,Moderate,23.9,0.0,8.9,18,Weekday,45.31549999999997
2026-05-05 19:00:00,ROAD_001,1015,20.1,Heavy,62.9,49.1,Poor,18.3,0.0,9.1,19,Weekday,25.358666666666622
2026-05-05 19:00:00,ROAD_002,787,30.6,Medium,53.5,45.8,Moderate,18.3,0.0,9.1,19,Weekday,30.703999999999954
2026-05-05 19:00:00,ROAD_003,706,43.1,Low,45.9,40.2,Moderate,18.3,0.0,9.1,19,Weekday,45.81449999999998
2026-05-05 20:00:00,ROAD_001,720,32.6,Medium,45.0,31.4,Moderate,19.1,0.0,8.1,20,Weekday,34.15396666666661
2026-05-05 20:00:00,ROAD_002,626,41.8,Low,44.8,30.9,Moderate,19.1,0.0,8.1,20,Weekday,37.81763333333336
2026-05-05 20:00:00,ROAD_003,485,45.2,Low,41.2,26.7,Moderate,19.1,0.0,8.1,20,Weekday,46.36399999999997
2026-05-05 21:00:00,ROAD_001,479,37.8,Medium,34.4,31.4,Moderate,16.3,0.0,9.1,21,Weekday,38.99350000000006
2026-05-05 21:00:00,ROAD_002,394,37.5,Medium,37.3,21.1,Moderate,16.3,0.0,9.1,21,Weekday,39.62666666666667
2026-05-05 21:00:00,ROAD_003,386,55.2,Low,30.1,28.6,Moderate,16.3,0.0,9.1,21,Weekday,49.12199999999997
2026-05-05 22:00:00,ROAD_001,333,40.5,Low,26.8,25.8,Good,15.2,0.0,9.8,22,Weekday,43.617500000000035
2026-05-05 22:00:00,ROAD_002,248,43.6,Low,21.4,20.4,Good,15.2,0.0,9.8,22,Weekday,45.53079999999998
2026-05-05 22:00:00,ROAD_003,291,50.7,Low,28.2,25.8,Good,15.2,0.0,9.8,22,Weekday,52.58433333333328
2026-05-05 23:00:00,ROAD_001,215,46.8,Low,23.7,21.5,Good,13.9,0.0,9.9,23,Weekday,45.240000000000066
2026-05-05 23:00:00,ROAD_002,262,52.3,Low,29.7,20.5,Good,13.9,0.0,9.9,23,Weekday,50.62500000000007
2026-05-05 23:00:00,ROAD_003,179,55.2,Low,24.7,15.1,Good,13.9,0.0,9.9,23,Weekday,56.690999999999946
2026-05-06 00:00:00,ROAD_001,199,49.3,Low,30.5,16.5,Moderate,14.2,0.0,9.6,0,Weekday,47.053000000000054
2026-05-06 00:00:00,ROAD_002,115,45.8,Low,26.7,13.9,Good,14.2,0.0,9.6,0,Weekday,47.166
2026-05-06 00:00:00,ROAD_003,120,56.0,Low,24.6,16.4,Good,14.2,0.0,9.6,0,Weekday,56.27299999999998
2026-05-06 01:00:00,ROAD_001,224,42.6,Low,33.2,16.6,Moderate,13.2,0.0,8.2,1,Weekday,43.739
2026-05-06 01:00:00,ROAD_002,248,49.4,Low,31.2,17.0,Moderate,13.2,0.0,8.2,1,Weekday,47.42000000000001
2026-05-06 01:00:00,ROAD_003,176,56.3,Low,18.4,17.5,Good,13.2,0.0,8.2,1,Weekday,56.74100000000007
2026-05-06 02:00:00,ROAD_001,221,46.0,Low,26.4,16.7,Good,14.4,0.0,9.4,2,Weekday,44.85800000000001
2026-05-06 02:00:00,ROAD_002,223,43.9,Low,29.4,12.4,Good,14.4,0.0,9.4,2,Weekday,47.77600000000001
2026-05-06 02:00:00,ROAD_003,165,62.4,Low,17.4,13.1,Good,14.4,0.0,9.4,2,Weekday,59.49800000000002
2026-05-06 03:00:00,ROAD_001,263,45.1,Low,28.6,21.2,Good,15.6,0.0,8.1,3,Weekday,45.52799999999998
2026-05-06 03:00:00,ROAD_002,227,48.6,Low,27.3,17.0,Good,15.6,0.0,8.1,3,Weekday,47.459
2026-05-06 03:00:00,ROAD_003,188,61.8,Low,22.8,12.7,Good,15.6,0.0,8.1,3,Weekday,59.99500000000008
2026-05-06 04:00:00,ROAD_001,168,49.0,Low,19.9,15.5,Good,19.5,0.0,8.9,4,Weekday,47.195666666666675
2026-05-06 04:00:00,ROAD_002,226,45.9,Low,28.7,16.2,Good,19.5,0.0,8.9,4,Weekday,46.097666666666655
2026-05-06 04:00:00,ROAD_003,190,55.3,Low,27.2,19.1,Good,19.5,0.0,8.9,4,Weekday,56.05233809523818
2026-05-06 05:00:00,ROAD_001,340,41.3,Low,33.6,20.4,Moderate,20.8,0.0,9.9,5,Weekday,41.889000000000024
2026-05-06 05:00:00,ROAD_002,267,42.5,Low,22.5,19.7,Good,20.8,0.0,9.9,5,Weekday,43.21045
2026-05-06 05:00:00,ROAD_003,127,56.5,Low,12.7,17.6,Good,20.8,0.0,9.9,5,Weekday,56.67896666666667
2026-05-06 06:00:00,ROAD_001,477,45.2,Low,35.9,26.0,Moderate,20.2,0.0,9.5,6,Weekday,43.5398523809524
2026-05-06 06:00:00,ROAD_002,368,45.8,Low,26.9,23.8,Good,20.2,0.0,9.5,6,Weekday,40.44147500000001
2026-05-06 06:00:00,ROAD_003,331,54.6,Low,30.8,25.6,Moderate,20.2,0.0,9.5,6,Weekday,50.57395396825398
2026-05-06 07:00:00,ROAD_001,741,33.5,Medium,52.8,36.9,Moderate,23.3,0.0,8.9,7,Weekday,34.577258730158725
2026-05-06 07:00:00,ROAD_002,653,33.1,Medium,50.5,39.9,Moderate,23.3,0.0,8.9,7,Weekday,38.750000000000036
2026-05-06 07:00:00,ROAD_003,414,53.7,Low,28.8,24.6,Good,23.3,0.0,8.9,7,Weekday,51.08100000000006
2026-05-06 08:00:00,ROAD_001,960,31.7,Medium,58.4,50.4,Moderate,26.6,0.0,9.0,8,Weekday,29.19219999999999
2026-05-06 08:00:00,ROAD_002,771,34.5,Medium,46.0,31.7,Moderate,26.6,0.0,9.0,8,Weekday,34.37391666666666
2026-05-06 08:00:00,ROAD_003,612,47.1,Low,40.4,28.7,Moderate,26.6,0.0,9.0,8,Weekday,49.10840000000001
2026-05-06 09:00:00,ROAD_001,1023,28.4,Medium,53.5,48.8,Moderate,27.0,0.0,9.9,9,Weekday,27.319000000000027
2026-05-06 09:00:00,ROAD_002,903,26.8,Medium,54.1,38.6,Moderate,27.0,0.0,9.9,9,Weekday,29.201641269841257
2026-05-06 09:00:00,ROAD_003,732,48.8,Low,38.6,36.1,Moderate,27.0,0.0,9.9,9,Weekday,46.12560000000001
2026-05-06 10:00:00,ROAD_001,964,27.7,Medium,56.8,40.6,Moderate,28.5,0.0,9.9,10,Weekday,29.360733333333325
2026-05-06 10:00:00,ROAD_002,839,32.6,Medium,62.3,39.1,Poor,28.5,0.0,9.9,10,Weekday,30.335636904761905
2026-05-06 10:00:00,ROAD_003,608,42.8,Low,33.3,24.9,Moderate,28.5,0.0,9.9,10,Weekday,46.71379047619053
2026-05-06 11:00:00,ROAD_001,620,39.8,Low,40.5,32.3,Moderate,30.6,0.0,9.8,11,Weekday,38.64400000000003
2026-05-06 11:00:00,ROAD_002,633,39.5,Low,42.1,28.6,Moderate,30.6,0.0,9.8,11,Weekday,38.87400000000001
2026-05-06 11:00:00,ROAD_003,369,50.2,Low,30.5,19.0,Moderate,30.6,0.0,9.8,11,Weekday,50.43599999999994
2026-05-06 12:00:00,ROAD_001,433,39.0,Low,35.3,26.9,Moderate,28.3,0.0,9.5,12,Weekday,41.35516666666666
2026-05-06 12:00:00,ROAD_002,324,47.5,Low,29.1,21.4,Good,28.3,0.0,9.5,12,Weekday,45.2
2026-05-06 12:00:00,ROAD_003,323,54.0,Low,34.3,22.5,Moderate,28.3,0.0,9.5,12,Weekday,54.42141666666668
2026-05-06 13:00:00,ROAD_001,276,44.6,Low,27.3,18.8,Good,28.2,0.0,9.4,13,Weekday,41.556550000000016
2026-05-06 13:00:00,ROAD_002,263,38.9,Low,24.1,19.6,Good,28.2,0.0,9.4,13,Weekday,40.26516666666671
2026-05-06 13:00:00,ROAD_003,221,52.3,Low,31.3,14.3,Moderate,28.2,0.0,9.4,13,Weekday,55.180583333333324
2026-05-06 14:00:00,ROAD_001,303,49.0,Low,22.7,24.3,Good,30.3,0.0,9.3,14,Weekday,46.20377142857144
2026-05-06 14:00:00,ROAD_002,314,41.4,Low,36.1,20.0,Moderate,30.3,0.0,9.3,14,Weekday,41.85817142857141
2026-05-06 14:00:00,ROAD_003,231,56.0,Low,24.7,21.3,Good,30.3,0.0,9.3,14,Weekday,55.16281666666664
2026-05-06 15:00:00,ROAD_001,522,34.1,Medium,43.7,32.8,Moderate,28.0,0.0,8.6,15,Weekday,36.13099999999995
2026-05-06 15:00:00,ROAD_002,348,41.5,Low,25.1,21.3,Good,28.0,0.0,8.6,15,Weekday,40.32333333333335
2026-05-06 15:00:00,ROAD_003,301,56.1,Low,35.1,26.1,Moderate,28.0,0.0,8.6,15,Weekday,54.77150000000006
2026-05-06 16:00:00,ROAD_001,679,33.4,Medium,50.4,40.2,Moderate,24.3,0.0,8.7,16,Weekday,33.309271428571456
2026-05-06 16:00:00,ROAD_002,572,36.3,Medium,40.6,31.1,Moderate,24.3,0.0,8.7,16,Weekday,40.06933333333336
2026-05-06 16:00:00,ROAD_003,465,51.6,Low,33.6,26.2,Moderate,24.3,0.0,8.7,16,Weekday,50.994666666666625
2026-05-06 17:00:00,ROAD_001,1040,28.0,Medium,61.4,44.9,Poor,25.9,0.0,9.0,17,Weekday,27.216000000000026
2026-05-06 17:00:00,ROAD_002,871,36.7,Medium,57.0,39.3,Moderate,25.9,0.0,9.0,17,Weekday,34.689366666666636
2026-05-06 17:00:00,ROAD_003,733,43.7,Low,53.9,37.1,Moderate,25.9,0.0,9.0,17,Weekday,44.88133333333328
2026-05-06 18:00:00,ROAD_001,1195,26.4,Medium,60.9,47.3,Poor,21.2,0.0,10.0,18,Weekday,25.634333333333338
2026-05-06 18:00:00,ROAD_002,952,30.6,Medium,66.5,52.2,Poor,21.2,0.0,10.0,18,Weekday,29.997916666666644
2026-05-06 18:00:00,ROAD_003,825,44.3,Low,43.1,36.7,Moderate,21.2,0.0,10.0,18,Weekday,42.98766666666663
2026-05-06 19:00:00,ROAD_001,1051,26.7,Medium,52.4,49.8,Moderate,18.7,0.0,8.5,19,Weekday,26.174133333333312
2026-05-06 19:00:00,ROAD_002,838,33.3,Medium,63.1,35.7,Poor,18.7,0.0,8.5,19,Weekday,32.40300000000004
2026-05-06 19:00:00,ROAD_003,604,46.6,Low,47.7,39.0,Moderate,18.7,0.0,8.5,19,Weekday,47.16299999999998
2026-05-06 20:00:00,ROAD_001,727,34.5,Medium,60.9,29.4,Poor,16.8,0.0,9.2,20,Weekday,31.398733333333297
2026-05-06 20:00:00,ROAD_002,631,38.3,Low,48.8,32.5,Moderate,16.8,0.0,9.2,20,Weekday,35.31519999999997
2026-05-06 20:00:00,ROAD_003,509,48.2,Low,39.3,26.4,Moderate,16.8,0.0,9.2,20,Weekday,50.74500000000003
2026-05-06 21:00:00,ROAD_001,482,39.9,Low,42.3,26.7,Moderate,17.9,0.0,8.6,21,Weekday,40.839733333333356
2026-05-06 21:00:00,ROAD_002,318,47.2,Low,24.8,18.5,Good,17.9,0.0,8.6,21,Weekday,43.2305
2026-05-06 21:00:00,ROAD_003,287,58.1,Low,17.2,32.6,Moderate,17.9,0.0,8.6,21,Weekday,57.238000000000056
2026-05-06 22:00:00,ROAD_001,312,44.4,Low,31.6,23.5,Moderate,16.5,0.0,9.2,22,Weekday,46.66766666666674
2026-05-06 22:00:00,ROAD_002,284,44.4,Low,26.8,19.3,Good,16.5,0.0,9.2,22,Weekday,43.96594999999999
2026-05-06 22:00:00,ROAD_003,201,59.2,Low,27.0,5.3,Good,16.5,0.0,9.2,22,Weekday,57.3213619047619
2026-05-06 23:00:00,ROAD_001,256,43.5,Low,32.1,22.8,Moderate,16.0,0.0,9.3,23,Weekday,43.271166666666666
2026-05-06 23:00:00,ROAD_002,183,47.4,Low,18.4,10.9,Good,16.0,0.0,9.3,23,Weekday,50.40361666666665
2026-05-06 23:00:00,ROAD_003,146,59.5,Low,26.3,17.2,Good,16.0,0.0,9.3,23,Weekday,55.942
2026-05-07 00:00:00,ROAD_001,260,44.5,Low,25.8,14.9,Good,15.0,1.5,2.1,0,Weekday,45.643
2026-05-07 00:00:00,ROAD_002,227,46.6,Low,25.1,17.9,Good,15.0,1.5,2.1,0,Weekday,44.33300000000001
2026-05-07 00:00:00,ROAD_003,129,55.7,Low,13.7,12.6,Good,15.0,1.5,2.1,0,Weekday,56.14599999999993
2026-05-07 01:00:00,ROAD_001,208,41.9,Low,11.1,15.9,Good,12.5,1.9,3.6,1,Weekday,41.952000000000034
2026-05-07 01:00:00,ROAD_002,200,40.5,Low,23.5,18.5,Good,12.5,1.9,3.6,1,Weekday,41.12099999999999
2026-05-07 01:00:00,ROAD_003,95,52.9,Low,11.6,7.3,Good,12.5,1.9,3.6,1,Weekday,54.455999999999975
2026-05-07 02:00:00,ROAD_001,229,42.2,Low,11.0,13.5,Good,14.7,3.3,5.7,2,Weekday,41.644000000000034
2026-05-07 02:00:00,ROAD_002,203,40.9,Low,9.3,18.0,Good,14.7,3.3,5.7,2,Weekday,40.600000000000044
2026-05-07 02:00:00,ROAD_003,126,53.4,Low,14.1,14.5,Good,14.7,3.3,5.7,2,Weekday,51.29300000000005
2026-05-07 03:00:00,ROAD_001,251,40.1,Low,26.1,12.4,Good,16.8,2.1,4.3,3,Weekday,41.02499999999997
2026-05-07 03:00:00,ROAD_002,221,43.8,Low,26.0,26.3,Good,16.8,2.1,4.3,3,Weekday,43.00100000000004
2026-05-07 03:00:00,ROAD_003,177,51.6,Low,18.6,6.6,Good,16.8,2.1,4.3,3,Weekday,52.32100000000001
2026-05-07 04:00:00,ROAD_001,230,43.0,Low,27.1,12.1,Good,18.5,1.5,2.5,4,Weekday,42.306999999999995
2026-05-07 04:00:00,ROAD_002,178,47.4,Low,18.6,11.3,Good,18.5,1.5,2.5,4,Weekday,44.19333333333333
2026-05-07 04:00:00,ROAD_003,199,52.1,Low,26.1,12.5,Good,18.5,1.5,2.5,4,Weekday,52.38500000000001
2026-05-07 05:00:00,ROAD_001,320,37.6,Medium,23.5,14.5,Good,21.6,3.6,3.7,5,Weekday,38.28499999999995
2026-05-07 05:00:00,ROAD_002,156,40.9,Low,21.9,14.8,Good,21.6,3.6,3.7,5,Weekday,40.52800000000004
2026-05-07 05:00:00,ROAD_003,241,53.3,Low,19.1,14.9,Good,21.6,3.6,3.7,5,Weekday,52.19080000000002
2026-05-07 06:00:00,ROAD_001,421,39.4,Low,33.0,22.4,Moderate,23.1,1.5,2.4,6,Weekday,41.68489999999997
2026-05-07 06:00:00,ROAD_002,252,42.6,Low,16.1,16.2,Good,23.1,1.5,2.4,6,Weekday,41.91199999999994
2026-05-07 06:00:00,ROAD_003,236,48.6,Low,28.8,15.2,Good,23.1,1.5,2.4,6,Weekday,47.975999999999985
2026-05-07 07:00:00,ROAD_001,724,29.4,Medium,43.9,26.9,Moderate,24.7,3.5,2.8,7,Weekday,30.319000000000038
2026-05-07 07:00:00,ROAD_002,506,36.7,Medium,32.7,19.9,Moderate,24.7,3.5,2.8,7,Weekday,34.38599999999998
2026-05-07 07:00:00,ROAD_003,420,49.4,Low,21.0,27.1,Good,24.7,3.5,2.8,7,Weekday,48.45533333333333
2026-05-07 08:00:00,ROAD_001,920,10.0,Heavy,25.1,29.1,Good,27.6,11.3,2.8,8,Weekday,12.507999999999997
2026-05-07 08:00:00,ROAD_002,735,14.3,Heavy,24.4,11.6,Good,27.6,11.3,2.8,8,Weekday,14.489999999999982
2026-05-07 08:00:00,ROAD_003,668,21.9,Heavy,22.1,19.9,Good,27.6,11.3,2.8,8,Weekday,29.164999999999985
2026-05-07 09:00:00,ROAD_001,1032,19.8,Heavy,49.0,39.4,Moderate,27.7,8.0,5.9,9,Weekday,20.039999999999985
2026-05-07 09:00:00,ROAD_002,917,19.0,Heavy,43.6,34.9,Moderate,27.7,8.0,5.9,9,Weekday,19.636
2026-05-07 09:00:00,ROAD_003,705,31.6,Medium,31.2,31.3,Moderate,27.7,8.0,5.9,9,Weekday,39.357
2026-05-07 10:00:00,ROAD_001,995,15.5,Heavy,50.1,39.7,Moderate,26.9,6.5,3.5,10,Weekday,17.237999999999996
2026-05-07 10:00:00,ROAD_002,705,22.8,Medium,31.7,26.2,Moderate,26.9,6.5,3.5,10,Weekday,21.227999999999994
2026-05-07 10:00:00,ROAD_003,607,35.2,Medium,37.7,23.0,Moderate,26.9,6.5,3.5,10,Weekday,39.47100000000001
2026-05-07 11:00:00,ROAD_001,684,24.1,Medium,23.1,21.6,Good,31.6,8.2,2.2,11,Weekday,23.557999999999975
2026-05-07 11:00:00,ROAD_002,554,25.2,Medium,29.9,21.8,Good,31.6,8.2,2.2,11,Weekday,24.418999999999986
2026-05-07 11:00:00,ROAD_003,411,39.9,Low,19.6,19.1,Good,31.6,8.2,2.2,11,Weekday,39.670000000000044
2026-05-07 12:00:00,ROAD_001,467,29.1,Medium,20.7,10.6,Good,29.0,7.0,4.7,12,Weekday,29.993999999999957
2026-05-07 12:00:00,ROAD_002,381,33.4,Medium,12.7,14.3,Good,29.0,7.0,4.7,12,Weekday,32.20900000000004
2026-05-07 12:00:00,ROAD_003,296,45.1,Low,14.3,5.5,Good,29.0,7.0,4.7,12,Weekday,44.56999999999997
2026-05-07 13:00:00,ROAD_001,315,31.4,Medium,5.0,14.2,Good,28.8,10.8,2.3,13,Weekday,22.326999999999977
2026-05-07 13:00:00,ROAD_002,211,28.6,Medium,5.0,6.8,Good,28.8,10.8,2.3,13,Weekday,27.584999999999958
2026-05-07 13:00:00,ROAD_003,151,42.0,Low,10.3,3.0,Good,28.8,10.8,2.3,13,Weekday,39.635999999999974
2026-05-07 14:00:00,ROAD_001,351,36.4,Medium,24.9,21.0,Good,30.9,3.0,4.5,14,Weekday,37.17100000000001
2026-05-07 14:00:00,ROAD_002,271,36.1,Medium,16.4,19.2,Good,30.9,3.0,4.5,14,Weekday,36.72799999999996
2026-05-07 14:00:00,ROAD_003,275,53.3,Low,22.5,11.2,Good,30.9,3.0,4.5,14,Weekday,54.101800000000054
2026-05-07 15:00:00,ROAD_001,420,25.1,Medium,14.3,8.5,Good,25.7,12.0,4.0,15,Weekday,22.004999999999978
2026-05-07 15:00:00,ROAD_002,372,25.0,Medium,5.6,8.4,Good,25.7,12.0,4.0,15,Weekday,22.822000000000006
2026-05-07 15:00:00,ROAD_003,397,33.0,Medium,7.1,6.9,Good,25.7,12.0,4.0,15,Weekday,36.01099999999998
2026-05-07 16:00:00,ROAD_001,692,20.0,Heavy,33.0,26.2,Moderate,28.0,7.2,5.7,16,Weekday,21.534000000000002
2026-05-07 16:00:00,ROAD_002,626,27.9,Medium,34.7,20.9,Moderate,28.0,7.2,5.7,16,Weekday,25.676000000000027
2026-05-07 16:00:00,ROAD_003,513,33.8,Medium,30.6,14.3,Moderate,28.0,7.2,5.7,16,Weekday,41.03900000000002
2026-05-07 17:00:00,ROAD_001,1058,17.4,Heavy,50.4,43.7,Moderate,25.7,5.1,2.8,17,Weekday,18.981000000000023
2026-05-07 17:00:00,ROAD_002,885,25.7,Medium,54.5,28.6,Moderate,25.7,5.1,2.8,17,Weekday,24.370000000000005
2026-05-07 17:00:00,ROAD_003,770,36.6,Medium,35.0,25.5,Moderate,25.7,5.1,2.8,17,Weekday,39.51799999999994
2026-05-07 18:00:00,ROAD_001,1256,10.0,Heavy,42.5,23.8,Moderate,23.6,13.6,5.8,18,Weekday,10.097999999999999
2026-05-07 18:00:00,ROAD_002,1016,10.0,Heavy,30.8,25.1,Moderate,23.6,13.6,5.8,18,Weekday,10.321
2026-05-07 18:00:00,ROAD_003,785,24.6,Medium,23.2,24.0,Good,23.6,13.6,5.8,18,Weekday,24.914999999999978
2026-05-07 19:00:00,ROAD_001,1107,12.8,Heavy,53.6,44.8,Moderate,21.3,7.3,5.2,19,Weekday,13.99699999999999
2026-05-07 19:00:00,ROAD_002,810,23.1,Medium,34.3,29.3,Moderate,21.3,7.3,5.2,19,Weekday,22.335999999999984
2026-05-07 19:00:00,ROAD_003,719,32.6,Medium,29.4,26.5,Good,21.3,7.3,5.2,19,Weekday,34.320999999999984
2026-05-07 20:00:00,ROAD_001,705,11.0,Heavy,23.4,20.3,Good,17.2,14.7,2.9,20,Weekday,13.910000000000002
2026-05-07 20:00:00,ROAD_002,611,18.6,Heavy,7.8,9.0,Good,17.2,14.7,2.9,20,Weekday,17.131999999999984
2026-05-07 20:00:00,ROAD_003,532,28.6,Medium,7.2,6.4,Good,17.2,14.7,2.9,20,Weekday,24.858999999999988
2026-05-07 21:00:00,ROAD_001,443,39.5,Low,36.2,25.0,Moderate,18.3,3.7,5.2,21,Weekday,35.72183333333336
2026-05-07 21:00:00,ROAD_002,392,33.9,Medium,21.1,21.4,Good,18.3,3.7,5.2,21,Weekday,34.637366666666715
2026-05-07 21:00:00,ROAD_003,328,51.8,Low,25.6,11.0,Good,18.3,3.7,5.2,21,Weekday,51.59750000000006
2026-05-07 22:00:00,ROAD_001,315,38.3,Low,14.6,19.9,Good,16.1,1.5,4.9,22,Weekday,40.09883333333338
2026-05-07 22:00:00,ROAD_002,305,44.4,Low,29.8,18.6,Good,16.1,1.5,4.9,22,Weekday,44.74126666666672
2026-05-07 22:00:00,ROAD_003,252,55.3,Low,21.2,19.7,Good,16.1,1.5,4.9,22,Weekday,53.37880000000006
2026-05-07 23:00:00,ROAD_001,275,41.7,Low,23.1,22.4,Good,13.7,3.3,2.8,23,Weekday,41.94799999999994
2026-05-07 23:00:00,ROAD_002,214,42.6,Low,12.6,12.0,Good,13.7,3.3,2.8,23,Weekday,42.11599999999996
2026-05-07 23:00:00,ROAD_003,199,53.5,Low,15.9,12.7,Good,13.7,3.3,2.8,23,Weekday,51.897000000000006
2026-05-08 00:00:00,ROAD_001,179,45.2,Low,27.5,18.6,Good,12.0,0.0,9.7,0,Weekday,45.72599999999994
2026-05-08 00:00:00,ROAD_002,220,45.6,Low,24.9,15.1,Good,12.0,0.0,9.7,0,Weekday,45.51999999999998
2026-05-08 00:00:00,ROAD_003,187,57.4,Low,25.9,14.4,Good,12.0,0.0,9.7,0,Weekday,58.31799999999993
2026-05-08 01:00:00,ROAD_001,220,42.8,Low,28.4,16.1,Good,13.9,0.0,9.1,1,Weekday,45.75500000000001
2026-05-08 01:00:00,ROAD_002,242,46.8,Low,29.3,13.0,Good,13.9,0.0,9.1,1,Weekday,47.732
2026-05-08 01:00:00,ROAD_003,208,56.5,Low,22.5,17.9,Good,13.9,0.0,9.1,1,Weekday,56.10699999999998
2026-05-08 02:00:00,ROAD_001,199,41.8,Low,16.3,21.4,Good,14.2,0.0,9.1,2,Weekday,43.96900000000007
2026-05-08 02:00:00,ROAD_002,175,51.0,Low,20.2,9.3,Good,14.2,0.0,9.1,2,Weekday,48.40100000000001
2026-05-08 02:00:00,ROAD_003,115,61.3,Low,19.4,11.8,Good,14.2,0.0,9.1,2,Weekday,60.221000000000046
2026-05-08 03:00:00,ROAD_001,287,48.4,Low,26.1,14.7,Good,16.9,0.0,9.9,3,Weekday,47.265600000000006
2026-05-08 03:00:00,ROAD_002,185,46.9,Low,18.5,12.6,Good,16.9,0.0,9.9,3,Weekday,46.10391666666667
2026-05-08 03:00:00,ROAD_003,175,56.2,Low,23.0,13.1,Good,16.9,0.0,9.9,3,Weekday,54.32699999999996
2026-05-08 04:00:00,ROAD_001,246,42.1,Low,30.5,22.8,Moderate,19.9,0.0,8.4,4,Weekday,44.78949999999999
2026-05-08 04:00:00,ROAD_002,138,44.3,Low,13.7,12.2,Good,19.9,0.0,8.4,4,Weekday,44.77216666666673
2026-05-08 04:00:00,ROAD_003,166,52.2,Low,17.9,11.8,Good,19.9,0.0,8.4,4,Weekday,55.053638095238114
2026-05-08 05:00:00,ROAD_001,301,44.3,Low,29.5,17.3,Good,20.3,0.0,9.9,5,Weekday,46.924392857142855
2026-05-08 05:00:00,ROAD_002,314,47.2,Low,35.1,25.0,Moderate,20.3,0.0,9.9,5,Weekday,46.923099999999984
2026-05-08 05:00:00,ROAD_003,140,59.9,Low,24.6,8.8,Good,20.3,0.0,9.9,5,Weekday,58.745916666666616
2026-05-08 06:00:00,ROAD_001,430,39.8,Low,39.9,26.3,Moderate,20.6,1.4,5.2,6,Weekday,40.30100000000004
2026-05-08 06:00:00,ROAD_002,331,46.1,Low,27.3,18.9,Good,20.6,1.4,5.2,6,Weekday,44.03999999999999
2026-05-08 06:00:00,ROAD_003,279,47.2,Low,24.2,20.1,Good,20.6,1.4,5.2,6,Weekday,48.40199999999996
2026-05-08 07:00:00,ROAD_001,648,35.6,Medium,45.1,33.1,Moderate,26.0,0.3,6.3,7,Weekday,35.33449999999998
2026-05-08 07:00:00,ROAD_002,504,37.7,Medium,45.5,25.3,Moderate,26.0,0.3,6.3,7,Weekday,36.87499999999998
2026-05-08 07:00:00,ROAD_003,455,49.8,Low,42.7,30.7,Moderate,26.0,0.3,6.3,7,Weekday,48.66873333333335
2026-05-08 08:00:00,ROAD_001,967,29.2,Medium,54.6,41.1,Moderate,24.4,0.0,9.4,8,Weekday,30.623807142857114
2026-05-08 08:00:00,ROAD_002,759,31.7,Medium,48.8,33.7,Moderate,24.4,0.0,9.4,8,Weekday,31.838400000000007
2026-05-08 08:00:00,ROAD_003,664,50.6,Low,42.0,34.2,Moderate,24.4,0.0,9.4,8,Weekday,44.798199999999994
2026-05-08 09:00:00,ROAD_001,1099,28.5,Medium,64.8,51.4,Poor,29.0,0.0,9.9,9,Weekday,28.41966666666666
2026-05-08 09:00:00,ROAD_002,919,27.1,Medium,60.7,45.7,Poor,29.0,0.0,9.9,9,Weekday,29.75939999999996
2026-05-08 09:00:00,ROAD_003,689,45.8,Low,49.4,33.3,Moderate,29.0,0.0,9.9,9,Weekday,46.152766666666714
2026-05-08 10:00:00,ROAD_001,924,26.6,Medium,58.1,45.2,Moderate,29.1,0.0,9.2,10,Weekday,29.741833333333325
2026-05-08 10:00:00,ROAD_002,787,38.0,Low,43.7,40.3,Moderate,29.1,0.0,9.2,10,Weekday,33.90099999999999
2026-05-08 10:00:00,ROAD_003,612,52.4,Low,52.5,28.4,Moderate,29.1,0.0,9.2,10,Weekday,50.42099999999999
2026-05-08 11:00:00,ROAD_001,661,38.8,Low,42.8,33.0,Moderate,28.0,0.0,9.9,11,Weekday,37.886000000000045
2026-05-08 11:00:00,ROAD_002,570,32.4,Medium,40.6,27.2,Moderate,28.0,0.0,9.9,11,Weekday,33.607000000000035
2026-05-08 11:00:00,ROAD_003,435,55.3,Low,28.3,28.5,Good,28.0,0.0,9.9,11,Weekday,54.1647500000001
2026-05-08 12:00:00,ROAD_001,473,41.2,Low,39.1,30.4,Moderate,28.6,0.0,8.3,12,Weekday,41.14099999999995
2026-05-08 12:00:00,ROAD_002,355,40.8,Low,25.5,19.1,Good,28.6,0.0,8.3,12,Weekday,41.22600000000005
2026-05-08 12:00:00,ROAD_003,412,55.2,Low,26.8,19.1,Good,28.6,0.0,8.3,12,Weekday,55.17399999999995
2026-05-08 13:00:00,ROAD_001,344,42.1,Low,29.9,23.4,Good,30.9,0.0,9.7,13,Weekday,44.32666666666669
2026-05-08 13:00:00,ROAD_002,272,37.7,Medium,26.1,16.1,Good,30.9,0.0,9.7,13,Weekday,44.17200000000002
2026-05-08 13:00:00,ROAD_003,222,64.3,Low,26.8,16.5,Good,30.9,0.0,9.7,13,Weekday,61.76580000000009
2026-05-08 14:00:00,ROAD_001,346,44.6,Low,40.9,17.6,Moderate,30.3,0.0,9.4,14,Weekday,46.20377142857144
2026-05-08 14:00:00,ROAD_002,293,41.1,Low,31.0,16.6,Moderate,30.3,0.0,9.4,14,Weekday,41.85817142857141
2026-05-08 14:00:00,ROAD_003,203,54.9,Low,29.0,20.8,Good,30.3,0.0,9.4,14,Weekday,55.16281666666664
2026-05-08 15:00:00,ROAD_001,441,37.0,Medium,33.8,24.2,Moderate,26.3,0.0,9.0,15,Weekday,40.97506666666669
2026-05-08 15:00:00,ROAD_002,488,41.1,Low,30.1,24.8,Moderate,26.3,0.0,9.0,15,Weekday,41.55599999999997
2026-05-08 15:00:00,ROAD_003,354,58.9,Low,23.0,14.9,Good,26.3,0.0,9.0,15,Weekday,57.835066666666634
2026-05-08 16:00:00,ROAD_001,711,36.8,Medium,33.8,34.9,Moderate,26.8,0.0,9.1,16,Weekday,36.962999999999994
2026-05-08 16:00:00,ROAD_002,635,39.5,Low,38.5,32.6,Moderate,26.8,0.0,9.1,16,Weekday,38.13566666666668
2026-05-08 16:00:00,ROAD_003,460,51.2,Low,31.2,24.5,Moderate,26.8,0.0,9.1,16,Weekday,52.981
2026-05-08 17:00:00,ROAD_001,1092,26.5,Medium,64.3,42.4,Poor,22.9,0.0,9.4,17,Weekday,27.770333333333337
2026-05-08 17:00:00,ROAD_002,869,31.7,Medium,67.2,36.0,Poor,22.9,0.0,9.4,17,Weekday,35.59300000000004
2026-05-08 17:00:00,ROAD_003,763,47.1,Low,50.7,43.7,Moderate,22.9,0.0,9.4,17,Weekday,44.99549523809525
2026-05-08 18:00:00,ROAD_001,1197,28.7,Medium,74.3,49.4,Poor,23.3,0.0,9.7,18,Weekday,25.47919999999999
2026-05-08 18:00:00,ROAD_002,947,29.7,Medium,53.6,42.9,Moderate,23.3,0.0,9.7,18,Weekday,30.922066666666634
2026-05-08 18:00:00,ROAD_003,849,40.9,Low,53.0,39.9,Moderate,23.3,0.0,9.7,18,Weekday,41.81623333333335
2026-05-08 19:00:00,ROAD_001,1091,20.5,Heavy,61.1,49.0,Poor,21.4,0.0,8.1,19,Weekday,25.340733333333322
2026-05-08 19:00:00,ROAD_002,929,29.2,Medium,47.4,45.0,Moderate,21.4,0.0,8.1,19,Weekday,31.691969047619054
2026-05-08 19:00:00,ROAD_003,679,42.3,Low,42.4,33.0,Moderate,21.4,0.0,8.1,19,Weekday,44.202100000000044
2026-05-08 20:00:00,ROAD_001,782,37.5,Medium,53.4,32.8,Moderate,17.9,0.0,8.7,20,Weekday,37.03141666666664
2026-05-08 20:00:00,ROAD_002,613,37.2,Medium,45.6,34.1,Moderate,17.9,0.0,8.7,20,Weekday,36.90599999999994
2026-05-08 20:00:00,ROAD_003,468,50.5,Low,38.3,32.2,Moderate,17.9,0.0,8.7,20,Weekday,51.926
2026-05-08 21:00:00,ROAD_001,470,44.4,Low,38.2,23.0,Moderate,17.4,0.0,9.6,21,Weekday,41.39800000000001
2026-05-08 21:00:00,ROAD_002,445,42.8,Low,32.8,23.7,Moderate,17.4,0.0,9.6,21,Weekday,42.98333333333337
2026-05-08 21:00:00,ROAD_003,323,54.7,Low,30.5,22.6,Moderate,17.4,0.0,9.6,21,Weekday,53.97949999999995
2026-05-08 22:00:00,ROAD_001,321,46.1,Low,24.3,22.8,Good,15.7,0.0,9.2,22,Weekday,44.85483333333334
2026-05-08 22:00:00,ROAD_002,334,42.4,Low,25.8,19.1,Good,15.7,0.0,9.2,22,Weekday,47.98866666666661
2026-05-08 22:00:00,ROAD_003,165,54.2,Low,20.6,10.2,Good,15.7,0.0,9.2,22,Weekday,54.44399999999995
2026-05-08 23:00:00,ROAD_001,221,50.0,Low,27.5,21.9,Good,14.3,0.0,9.8,23,Weekday,47.9358
2026-05-08 23:00:00,ROAD_002,188,48.6,Low,18.0,20.1,Good,14.3,0.0,9.8,23,Weekday,47.71000000000003
2026-05-08 23:00:00,ROAD_003,178,58.0,Low,17.1,12.6,Good,14.3,0.0,9.8,23,Weekday,58.505
2026-05-09 00:00:00,ROAD_001,410,37.4,Medium,37.7,19.4,Moderate,14.8,0.0,8.4,0,Weekend,38.95160000000005
2026-05-09 00:00:00,ROAD_002,348,44.6,Low,27.2,24.5,Good,14.8,0.0,8.4,0,Weekend,44.02399999999998
2026-05-09 00:00:00,ROAD_003,271,52.7,Low,22.2,11.6,Good,14.8,0.0,8.4,0,Weekend,53.65816666666658
2026-05-09 01:00:00,ROAD_001,493,35.0,Medium,37.7,26.2,Moderate,13.3,0.0,8.1,1,Weekend,42.67675
2026-05-09 01:00:00,ROAD_002,427,40.2,Low,32.6,27.9,Moderate,13.3,0.0,8.1,1,Weekend,41.70376666666663
2026-05-09 01:00:00,ROAD_003,333,54.0,Low,32.3,15.5,Moderate,13.3,0.0,8.1,1,Weekend,53.09924444444446
2026-05-09 02:00:00,ROAD_001,630,38.7,Low,38.3,31.1,Moderate,13.5,0.0,8.1,2,Weekend,35.035999999999994
2026-05-09 02:00:00,ROAD_002,498,39.2,Low,39.1,33.2,Moderate,13.5,0.0,8.1,2,Weekend,37.4443333333333
2026-05-09 02:00:00,ROAD_003,443,46.8,Low,38.0,30.8,Moderate,13.5,0.0,8.1,2,Weekend,52.62533333333338
2026-05-09 03:00:00,ROAD_001,735,38.0,Low,58.1,39.8,Moderate,14.5,0.0,9.5,3,Weekend,38.465000000000025
2026-05-09 03:00:00,ROAD_002,609,40.4,Low,43.1,31.4,Moderate,14.5,0.0,9.5,3,Weekend,39.48600000000006
2026-05-09 03:00:00,ROAD_003,465,55.0,Low,31.8,32.4,Moderate,14.5,0.0,9.5,3,Weekend,53.808
2026-05-09 04:00:00,ROAD_001,822,26.6,Medium,55.1,42.3,Moderate,18.4,0.0,8.5,4,Weekend,28.726333333333297
2026-05-09 04:00:00,ROAD_002,649,36.8,Medium,54.0,30.7,Moderate,18.4,0.0,8.5,4,Weekend,36.904800000000016
2026-05-09 04:00:00,ROAD_003,496,54.1,Low,47.1,27.4,Moderate,18.4,0.0,8.5,4,Weekend,50.731000000000016
2026-05-09 05:00:00,ROAD_001,856,29.1,Medium,47.5,41.5,Moderate,19.0,0.0,9.3,5,Weekend,29.79799999999997
2026-05-09 05:00:00,ROAD_002,684,41.2,Low,50.5,35.8,Moderate,19.0,0.0,9.3,5,Weekend,40.640999999999934
2026-05-09 05:00:00,ROAD_003,580,51.9,Low,45.3,32.3,Moderate,19.0,0.0,9.3,5,Weekend,50.721000000000004
2026-05-09 06:00:00,ROAD_001,763,31.1,Medium,38.3,37.2,Moderate,22.0,1.4,6.1,6,Weekend,31.339999999999964
2026-05-09 06:00:00,ROAD_002,679,36.0,Medium,34.1,36.5,Moderate,22.0,1.4,6.1,6,Weekend,33.771
2026-05-09 06:00:00,ROAD_003,506,46.9,Low,39.6,27.1,Moderate,22.0,1.4,6.1,6,Weekend,46.15600000000001
2026-05-09 07:00:00,ROAD_001,713,34.3,Medium,40.6,37.7,Moderate,25.5,1.0,5.4,7,Weekend,33.77200000000005
2026-05-09 07:00:00,ROAD_002,611,36.0,Medium,46.5,29.7,Moderate,25.5,1.0,5.4,7,Weekend,35.84000000000002
2026-05-09 07:00:00,ROAD_003,472,47.2,Low,36.0,26.6,Moderate,25.5,1.0,5.4,7,Weekend,46.93999999999996
2026-05-09 08:00:00,ROAD_001,573,35.8,Medium,31.9,29.0,Moderate,24.3,0.1,5.8,8,Weekend,35.410000000000025
2026-05-09 08:00:00,ROAD_002,431,39.5,Low,31.1,29.2,Moderate,24.3,0.1,5.8,8,Weekend,37.97000000000001
2026-05-09 08:00:00,ROAD_003,359,50.1,Low,29.0,20.1,Good,24.3,0.1,5.8,8,Weekend,48.672000000000054
2026-05-09 09:00:00,ROAD_001,464,41.3,Low,40.3,24.7,Moderate,28.4,0.0,8.7,9,Weekend,39.181533333333334
2026-05-09 09:00:00,ROAD_002,323,42.8,Low,36.3,22.4,Moderate,28.4,0.0,8.7,9,Weekend,42.89195000000001
2026-05-09 09:00:00,ROAD_003,329,50.0,Low,24.0,21.6,Good,28.4,0.0,8.7,9,Weekend,50.51750000000005
2026-05-09 10:00:00,ROAD_001,358,42.5,Low,21.7,21.0,Good,28.0,0.0,9.2,10,Weekend,41.86499999999999
2026-05-09 10:00:00,ROAD_002,279,37.2,Medium,30.3,26.3,Moderate,28.0,0.0,9.2,10,Weekend,39.65483333333327
2026-05-09 10:00:00,ROAD_003,306,55.7,Low,26.7,23.9,Good,28.0,0.0,9.2,10,Weekend,54.848333333333315
2026-05-09 11:00:00,ROAD_001,312,42.0,Low,37.6,20.6,Moderate,31.1,0.0,9.1,11,Weekend,43.455999999999996
2026-05-09 11:00:00,ROAD_002,167,42.1,Low,20.4,20.0,Good,31.1,0.0,9.1,11,Weekend,42.98349999999998
2026-05-09 11:00:00,ROAD_003,229,58.4,Low,22.7,10.2,Good,31.1,0.0,9.1,11,Weekend,55.53999999999997
2026-05-09 12:00:00,ROAD_001,402,37.9,Medium,31.3,34.8,Moderate,28.5,0.0,9.5,12,Weekend,38.687000000000054
2026-05-09 12:00:00,ROAD_002,277,46.2,Low,17.0,23.2,Good,28.5,0.0,9.5,12,Weekend,40.319999999999965
2026-05-09 12:00:00,ROAD_003,225,56.5,Low,18.7,19.0,Good,28.5,0.0,9.5,12,Weekend,56.908
2026-05-09 13:00:00,ROAD_001,497,38.4,Low,39.3,26.6,Moderate,28.6,0.0,8.6,13,Weekend,38.85500000000004
2026-05-09 13:00:00,ROAD_002,402,43.0,Low,31.3,20.1,Moderate,28.6,0.0,8.6,13,Weekend,41.96679999999999
2026-05-09 13:00:00,ROAD_003,298,57.4,Low,29.0,17.1,Good,28.6,0.0,8.6,13,Weekend,56.389666666666656
2026-05-09 14:00:00,ROAD_001,620,34.1,Medium,39.5,29.0,Moderate,30.1,0.0,9.7,14,Weekend,35.44300000000001
2026-05-09 14:00:00,ROAD_002,485,41.5,Low,38.3,28.5,Moderate,30.1,0.0,9.7,14,Weekend,40.76400000000002
2026-05-09 14:00:00,ROAD_003,454,52.6,Low,34.7,21.2,Moderate,30.1,0.0,9.7,14,Weekend,48.58600000000001
2026-05-09 15:00:00,ROAD_001,753,34.2,Medium,45.6,33.4,Moderate,26.0,0.0,8.7,15,Weekend,34.33750000000003
2026-05-09 15:00:00,ROAD_002,597,40.2,Low,49.8,30.1,Moderate,26.0,0.0,8.7,15,Weekend,38.504374999999946
2026-05-09 15:00:00,ROAD_003,478,46.4,Low,46.2,21.1,Moderate,26.0,0.0,8.7,15,Weekend,47.35300000000002
2026-05-09 16:00:00,ROAD_001,854,31.1,Medium,50.4,35.4,Moderate,27.1,0.0,10.0,16,Weekend,31.312999999999946
2026-05-09 16:00:00,ROAD_002,769,34.6,Medium,49.7,40.5,Moderate,27.1,0.0,10.0,16,Weekend,34.83899999999996
2026-05-09 16:00:00,ROAD_003,512,49.3,Low,38.3,25.9,Moderate,27.1,0.0,10.0,16,Weekend,50.48600000000004
2026-05-09 17:00:00,ROAD_001,777,32.9,Medium,51.2,33.6,Moderate,25.4,0.0,8.9,17,Weekend,33.18400000000005
2026-05-09 17:00:00,ROAD_002,667,34.5,Medium,51.1,31.4,Moderate,25.4,0.0,8.9,17,Weekend,33.76099999999999
2026-05-09 17:00:00,ROAD_003,617,45.3,Low,44.4,29.8,Moderate,25.4,0.0,8.9,17,Weekend,46.27400000000005
2026-05-09 18:00:00,ROAD_001,837,32.9,Medium,49.5,38.6,Moderate,22.7,0.0,8.5,18,Weekend,34.917
2026-05-09 18:00:00,ROAD_002,734,35.1,Medium,44.5,30.9,Moderate,22.7,0.0,8.5,18,Weekend,34.91799999999998
2026-05-09 18:00:00,ROAD_003,558,49.0,Low,43.6,23.7,Moderate,22.7,0.0,8.5,18,Weekend,49.368
2026-05-09 19:00:00,ROAD_001,733,36.3,Medium,43.2,31.7,Moderate,19.2,0.0,9.4,19,Weekend,34.78100000000003
2026-05-09 19:00:00,ROAD_002,639,39.8,Low,38.3,27.2,Moderate,19.2,0.0,9.4,19,Weekend,34.339000000000034
2026-05-09 19:00:00,ROAD_003,475,47.7,Low,32.3,21.6,Moderate,19.2,0.0,9.4,19,Weekend,49.38499999999995
2026-05-09 20:00:00,ROAD_001,581,34.4,Medium,35.7,31.5,Moderate,19.7,0.0,9.7,20,Weekend,39.136000000000045
2026-05-09 20:00:00,ROAD_002,497,41.1,Low,29.1,27.4,Good,19.7,0.0,9.7,20,Weekend,41.195
2026-05-09 20:00:00,ROAD_003,483,48.8,Low,40.9,30.2,Moderate,19.7,0.0,9.7,20,Weekend,49.69600000000005
2026-05-09 21:00:00,ROAD_001,502,41.6,Low,40.8,23.1,Moderate,18.0,0.0,9.2,21,Weekend,41.121499999999976
2026-05-09 21:00:00,ROAD_002,331,38.4,Low,28.5,24.0,Good,18.0,0.0,9.2,21,Weekend,39.23125000000006
2026-05-09 21:00:00,ROAD_003,275,57.0,Low,24.9,17.7,Good,18.0,0.0,9.2,21,Weekend,55.73965000000001
2026-05-09 22:00:00,ROAD_001,401,46.8,Low,32.7,16.6,Moderate,14.8,0.0,8.7,22,Weekend,44.93987500000006
2026-05-09 22:00:00,ROAD_002,358,37.7,Medium,25.1,21.6,Good,14.8,0.0,8.7,22,Weekend,40.43699999999997
2026-05-09 22:00:00,ROAD_003,266,51.4,Low,25.6,22.2,Good,14.8,0.0,8.7,22,Weekend,52.80366666666662
2026-05-09 23:00:00,ROAD_001,436,43.3,Low,33.5,28.7,Moderate,14.9,0.0,9.5,23,Weekend,44.05800000000008
2026-05-09 23:00:00,ROAD_002,318,44.9,Low,30.2,17.5,Moderate,14.9,0.0,9.5,23,Weekend,43.44500000000001
2026-05-09 23:00:00,ROAD_003,198,55.6,Low,24.7,14.2,Good,14.9,0.0,9.5,23,Weekend,54.25366666666669
2026-05-10 00:00:00,ROAD_001,409,47.7,Low,24.7,26.6,Good,12.1,0.0,9.5,0,Weekend,44.57099999999995
2026-05-10 00:00:00,ROAD_002,324,44.6,Low,27.4,20.8,Good,12.1,0.0,9.5,0,Weekend,44.694999999999936
2026-05-10 00:00:00,ROAD_003,266,53.6,Low,19.4,18.4,Good,12.1,0.0,9.5,0,Weekend,54.104316666666676
2026-05-10 01:00:00,ROAD_001,405,44.6,Low,35.4,25.9,Moderate,13.3,0.0,9.2,1,Weekend,42.67675
2026-05-10 01:00:00,ROAD_002,313,42.5,Low,34.9,18.9,Moderate,13.3,0.0,9.2,1,Weekend,41.70376666666663
2026-05-10 01:00:00,ROAD_003,276,52.3,Low,27.1,16.3,Good,13.3,0.0,9.2,1,Weekend,53.09924444444446
2026-05-10 02:00:00,ROAD_001,577,34.1,Medium,43.4,32.0,Moderate,16.4,0.0,9.0,2,Weekend,34.75574999999995
2026-05-10 02:00:00,ROAD_002,468,33.5,Medium,38.1,25.6,Moderate,16.4,0.0,9.0,2,Weekend,36.42100000000002
2026-05-10 02:00:00,ROAD_003,413,57.3,Low,33.5,22.4,Moderate,16.4,0.0,9.0,2,Weekend,55.01100000000006
2026-05-10 03:00:00,ROAD_001,726,35.0,Medium,56.3,37.4,Moderate,15.0,0.0,8.8,3,Weekend,35.672000000000004
2026-05-10 03:00:00,ROAD_002,594,35.5,Medium,43.1,27.2,Moderate,15.0,0.0,8.8,3,Weekend,36.499000000000024
2026-05-10 03:00:00,ROAD_003,487,51.3,Low,35.8,24.5,Moderate,15.0,0.0,8.8,3,Weekend,51.66800000000008
2026-05-10 04:00:00,ROAD_001,823,34.1,Medium,44.2,44.3,Moderate,17.6,0.0,9.1,4,Weekend,35.09201666666663
2026-05-10 04:00:00,ROAD_002,654,35.5,Medium,39.1,25.7,Moderate,17.6,0.0,9.1,4,Weekend,35.63046666666665
2026-05-10 04:00:00,ROAD_003,584,51.7,Low,40.5,27.7,Moderate,17.6,0.0,9.1,4,Weekend,51.02599999999995
2026-05-10 05:00:00,ROAD_001,836,31.0,Medium,45.0,40.5,Moderate,21.2,0.0,8.3,5,Weekend,31.71799999999999
2026-05-10 05:00:00,ROAD_002,770,34.0,Medium,50.8,39.7,Moderate,21.2,0.0,8.3,5,Weekend,35.03900000000001
2026-05-10 05:00:00,ROAD_003,509,54.5,Low,38.9,34.3,Moderate,21.2,0.0,8.3,5,Weekend,52.76600000000001
2026-05-10 06:00:00,ROAD_001,795,34.3,Medium,51.5,42.8,Moderate,22.9,0.0,8.9,6,Weekend,33.56400000000004
2026-05-10 06:00:00,ROAD_002,663,39.7,Low,48.5,32.4,Moderate,22.9,0.0,8.9,6,Weekend,39.31699999999996
2026-05-10 06:00:00,ROAD_003,564,46.8,Low,52.1,19.1,Moderate,22.9,0.0,8.9,6,Weekend,50.195599999999985
2026-05-10 07:00:00,ROAD_001,716,36.3,Medium,42.9,40.2,Moderate,23.4,0.0,9.1,7,Weekend,35.39600000000003
2026-05-10 07:00:00,ROAD_002,641,38.4,Low,43.2,34.8,Moderate,23.4,0.0,9.1,7,Weekend,39.16400000000001
2026-05-10 07:00:00,ROAD_003,451,53.2,Low,43.5,30.1,Moderate,23.4,0.0,9.1,7,Weekend,51.478999999999935
2026-05-10 08:00:00,ROAD_001,617,33.7,Medium,39.2,27.5,Moderate,27.8,0.0,8.2,8,Weekend,35.722960714285705
2026-05-10 08:00:00,ROAD_002,410,45.2,Low,31.8,23.0,Moderate,27.8,0.0,8.2,8,Weekend,40.417799999999964
2026-05-10 08:00:00,ROAD_003,459,49.0,Low,31.5,25.2,Moderate,27.8,0.0,8.2,8,Weekend,52.219000000000044
2026-05-10 09:00:00,ROAD_001,434,42.0,Low,32.7,23.2,Moderate,28.3,0.0,8.0,9,Weekend,40.857200000000006
2026-05-10 09:00:00,ROAD_002,376,41.8,Low,32.3,21.1,Moderate,28.3,0.0,8.0,9,Weekend,42.16953333333336
2026-05-10 09:00:00,ROAD_003,305,53.4,Low,27.8,20.8,Good,28.3,0.0,8.0,9,Weekend,53.05649999999998
2026-05-10 10:00:00,ROAD_001,396,40.2,Low,34.5,23.6,Moderate,28.2,0.0,9.6,10,Weekend,41.51533333333333
2026-05-10 10:00:00,ROAD_002,257,45.7,Low,21.5,22.7,Good,28.2,0.0,9.6,10,Weekend,42.44816666666667
2026-05-10 10:00:00,ROAD_003,251,57.1,Low,23.1,19.1,Good,28.2,0.0,9.6,10,Weekend,55.59033333333336
2026-05-10 11:00:00,ROAD_001,336,45.0,Low,33.3,19.6,Moderate,31.1,0.0,8.9,11,Weekend,43.455999999999996
2026-05-10 11:00:00,ROAD_002,220,43.6,Low,28.3,14.6,Good,31.1,0.0,8.9,11,Weekend,42.98349999999998
2026-05-10 11:00:00,ROAD_003,239,53.0,Low,16.1,15.7,Good,31.1,0.0,8.9,11,Weekend,55.53999999999997
2026-05-10 12:00:00,ROAD_001,402,38.1,Low,36.1,26.9,Moderate,30.1,0.0,8.8,12,Weekend,38.87199999999995
2026-05-10 12:00:00,ROAD_002,319,42.8,Low,25.3,15.8,Good,30.1,0.0,8.8,12,Weekend,41.934000000000054
2026-05-10 12:00:00,ROAD_003,329,50.6,Low,37.6,18.1,Moderate,30.1,0.0,8.8,12,Weekend,52.188000000000045
2026-05-10 13:00:00,ROAD_001,500,38.6,Low,35.9,29.9,Moderate,30.3,0.0,8.4,13,Weekend,38.32799999999995
2026-05-10 13:00:00,ROAD_002,381,37.8,Medium,36.0,18.8,Moderate,30.3,0.0,8.4,13,Weekend,38.481000000000044
2026-05-10 13:00:00,ROAD_003,340,55.8,Low,28.4,26.6,Good,30.3,0.0,8.4,13,Weekend,55.74500000000005
2026-05-10 14:00:00,ROAD_001,656,32.9,Medium,42.6,32.1,Moderate,29.9,0.0,8.3,14,Weekend,34.48600000000003
2026-05-10 14:00:00,ROAD_002,524,42.4,Low,43.8,29.2,Moderate,29.9,0.0,8.3,14,Weekend,41.37800000000005
2026-05-10 14:00:00,ROAD_003,388,46.4,Low,25.9,30.6,Moderate,29.9,0.0,8.3,14,Weekend,48.497
2026-05-10 15:00:00,ROAD_001,765,34.7,Medium,54.1,38.9,Moderate,27.0,0.0,8.9,15,Weekend,30.704999999999977
2026-05-10 15:00:00,ROAD_002,658,37.2,Medium,47.9,30.1,Moderate,27.0,0.0,8.9,15,Weekend,36.08412500000003
2026-05-10 15:00:00,ROAD_003,503,48.3,Low,35.4,31.2,Moderate,27.0,0.0,8.9,15,Weekend,52.44399999999998
2026-05-10 16:00:00,ROAD_001,872,34.6,Medium,45.6,47.8,Moderate,26.4,0.0,9.4,16,Weekend,32.82819999999998
2026-05-10 16:00:00,ROAD_002,709,32.9,Medium,50.5,30.7,Moderate,26.4,0.0,9.4,16,Weekend,33.50513333333336
2026-05-10 16:00:00,ROAD_003,563,44.3,Low,36.3,32.5,Moderate,26.4,0.0,9.4,16,Weekend,47.23465000000001
2026-05-10 17:00:00,ROAD_001,882,32.6,Medium,53.3,32.4,Moderate,22.6,0.0,8.1,17,Weekend,33.267999999999944
2026-05-10 17:00:00,ROAD_002,691,37.2,Medium,44.5,34.1,Moderate,22.6,0.0,8.1,17,Weekend,35.69999999999995
2026-05-10 17:00:00,ROAD_003,552,47.5,Low,40.2,28.2,Moderate,22.6,0.0,8.1,17,Weekend,48.77799999999999
2026-05-10 18:00:00,ROAD_001,786,31.0,Medium,51.5,37.8,Moderate,22.2,0.0,8.9,18,Weekend,33.01899999999999
2026-05-10 18:00:00,ROAD_002,738,40.5,Low,44.3,35.8,Moderate,22.2,0.0,8.9,18,Weekend,38.306
2026-05-10 18:00:00,ROAD_003,546,46.2,Low,42.7,28.2,Moderate,22.2,0.0,8.9,18,Weekend,47.25899999999995
2026-05-10 19:00:00,ROAD_001,680,38.9,Low,55.1,34.8,Moderate,18.5,0.0,8.8,19,Weekend,37.60700000000005
2026-05-10 19:00:00,ROAD_002,604,37.9,Medium,48.1,35.8,Moderate,18.5,0.0,8.8,19,Weekend,37.93500000000004
2026-05-10 19:00:00,ROAD_003,475,50.9,Low,39.6,22.1,Moderate,18.5,0.0,8.8,19,Weekend,50.650999999999996
2026-05-10 20:00:00,ROAD_001,646,32.8,Medium,34.2,35.4,Moderate,18.4,0.0,9.3,20,Weekend,34.930000000000035
2026-05-10 20:00:00,ROAD_002,469,41.1,Low,43.8,23.8,Moderate,18.4,0.0,9.3,20,Weekend,39.237999999999964
2026-05-10 20:00:00,ROAD_003,384,52.8,Low,25.8,20.4,Good,18.4,0.0,9.3,20,Weekend,52.71249999999997
2026-05-10 21:00:00,ROAD_001,504,47.8,Low,38.2,24.3,Moderate,16.5,0.0,8.0,21,Weekend,45.33813095238101
2026-05-10 21:00:00,ROAD_002,456,35.7,Medium,28.6,23.6,Good,16.5,0.0,8.0,21,Weekend,39.810499999999976
2026-05-10 21:00:00,ROAD_003,308,51.7,Low,28.7,21.9,Good,16.5,0.0,8.0,21,Weekend,51.509166666666594
2026-05-10 22:00:00,ROAD_001,369,45.4,Low,27.5,16.4,Good,16.6,0.0,9.1,22,Weekend,44.93423928571431
2026-05-10 22:00:00,ROAD_002,375,45.6,Low,27.9,21.5,Good,16.6,0.0,9.1,22,Weekend,44.71135
2026-05-10 22:00:00,ROAD_003,224,56.3,Low,33.7,20.7,Moderate,16.6,0.0,9.1,22,Weekend,53.481100000000026
2026-05-10 23:00:00,ROAD_001,359,45.8,Low,34.9,28.3,Moderate,15.3,0.0,9.4,23,Weekend,44.44800000000006
2026-05-10 23:00:00,ROAD_002,281,38.9,Low,32.9,21.2,Moderate,15.3,0.0,9.4,23,Weekend,40.33400000000004
2026-05-10 23:00:00,ROAD_003,228,54.5,Low,38.0,15.4,Moderate,15.3,0.0,9.4,23,Weekend,55.48600000000003
2026-05-11 00:00:00,ROAD_001,247,38.5,Low,13.6,16.8,Good,12.2,2.4,2.3,0,Weekday,39.596000000000004
2026-05-11 00:00:00,ROAD_002,244,42.7,Low,21.2,13.3,Good,12.2,2.4,2.3,0,Weekday,41.69799999999995
2026-05-11 00:00:00,ROAD_003,116,56.5,Low,20.0,5.0,Good,12.2,2.4,2.3,0,Weekday,55.836000000000006
2026-05-11 01:00:00,ROAD_001,207,44.4,Low,14.5,21.6,Good,14.6,3.6,5.2,1,Weekday,42.26800000000003
2026-05-11 01:00:00,ROAD_002,223,37.2,Medium,7.7,16.7,Good,14.6,3.6,5.2,1,Weekday,38.85199999999996
2026-05-11 01:00:00,ROAD_003,145,51.1,Low,18.2,14.8,Good,14.6,3.6,5.2,1,Weekday,51.05500000000003
2026-05-11 02:00:00,ROAD_001,228,47.5,Low,25.3,15.4,Good,14.7,1.7,4.7,2,Weekday,45.65400000000002
2026-05-11 02:00:00,ROAD_002,179,42.7,Low,21.8,14.5,Good,14.7,1.7,4.7,2,Weekday,45.396000000000015
2026-05-11 02:00:00,ROAD_003,136,54.1,Low,18.1,4.2,Good,14.7,1.7,4.7,2,Weekday,54.94300000000002
2026-05-11 03:00:00,ROAD_001,160,43.0,Low,15.4,13.3,Good,18.3,1.1,4.6,3,Weekday,44.02493333333332
2026-05-11 03:00:00,ROAD_002,193,47.2,Low,29.4,11.0,Good,18.3,1.1,4.6,3,Weekday,46.82833333333328
2026-05-11 03:00:00,ROAD_003,241,51.0,Low,24.5,19.2,Good,18.3,1.1,4.6,3,Weekday,52.461999999999996
2026-05-11 04:00:00,ROAD_001,313,43.2,Low,13.1,12.3,Good,17.9,3.8,2.6,4,Weekday,41.062999999999946
2026-05-11 04:00:00,ROAD_002,201,37.2,Medium,19.0,9.6,Good,17.9,3.8,2.6,4,Weekday,38.882999999999946
2026-05-11 04:00:00,ROAD_003,256,52.5,Low,20.0,18.5,Good,17.9,3.8,2.6,4,Weekday,52.29800000000003
2026-05-11 05:00:00,ROAD_001,309,38.6,Low,24.5,22.0,Good,20.1,1.7,5.2,5,Weekday,39.27266666666662
2026-05-11 05:00:00,ROAD_002,223,41.5,Low,20.5,11.2,Good,20.1,1.7,5.2,5,Weekday,42.84755000000003
2026-05-11 05:00:00,ROAD_003,173,54.4,Low,25.4,15.3,Good,20.1,1.7,5.2,5,Weekday,52.88749999999995
2026-05-11 06:00:00,ROAD_001,458,41.0,Low,35.0,24.7,Moderate,22.5,0.8,3.9,6,Weekday,39.65701666666666
2026-05-11 06:00:00,ROAD_002,383,33.2,Medium,34.0,22.9,Moderate,22.5,0.8,3.9,6,Weekday,36.94238333333328
2026-05-11 06:00:00,ROAD_003,283,59.0,Low,22.8,17.3,Good,22.5,0.8,3.9,6,Weekday,56.00966666666666
2026-05-11 07:00:00,ROAD_001,688,30.9,Medium,40.8,34.9,Moderate,23.6,2.0,4.6,7,Weekday,29.774000000000047
2026-05-11 07:00:00,ROAD_002,557,31.0,Medium,37.7,31.9,Moderate,23.6,2.0,4.6,7,Weekday,32.88899999999999
2026-05-11 07:00:00,ROAD_003,500,44.9,Low,39.8,26.0,Moderate,23.6,2.0,4.6,7,Weekday,45.86900000000001
2026-05-11 08:00:00,ROAD_001,976,14.1,Heavy,49.9,35.5,Moderate,26.4,10.2,5.1,8,Weekday,14.332999999999993
2026-05-11 08:00:00,ROAD_002,819,13.8,Heavy,25.0,27.6,Good,26.4,10.2,5.1,8,Weekday,14.933999999999978
2026-05-11 08:00:00,ROAD_003,643,29.5,Medium,24.2,26.6,Good,26.4,10.2,5.1,8,Weekday,29.451999999999995
2026-05-11 09:00:00,ROAD_001,1031,20.5,Heavy,49.0,38.0,Moderate,26.0,4.9,4.7,9,Weekday,20.675999999999995
2026-05-11 09:00:00,ROAD_002,878,24.0,Medium,46.1,24.9,Moderate,26.0,4.9,4.7,9,Weekday,23.815749999999994
2026-05-11 09:00:00,ROAD_003,624,38.6,Low,32.3,26.7,Moderate,26.0,4.9,4.7,9,Weekday,39.05099999999997
2026-05-11 10:00:00,ROAD_001,1023,21.5,Heavy,44.6,39.6,Moderate,27.2,8.6,2.2,10,Weekday,20.125000000000004
2026-05-11 10:00:00,ROAD_002,803,16.4,Heavy,31.9,28.3,Moderate,27.2,8.6,2.2,10,Weekday,18.051000000000016
2026-05-11 10:00:00,ROAD_003,619,33.5,Medium,25.2,21.0,Good,27.2,8.6,2.2,10,Weekday,33.33899999999998
2026-05-11 11:00:00,ROAD_001,696,30.5,Medium,37.5,26.0,Moderate,28.7,3.6,4.1,11,Weekday,32.209999999999994
2026-05-11 11:00:00,ROAD_002,537,33.7,Medium,26.4,31.6,Moderate,28.7,3.6,4.1,11,Weekday,33.78899999999996
2026-05-11 11:00:00,ROAD_003,349,46.4,Low,24.1,19.9,Good,28.7,3.6,4.1,11,Weekday,48.96466666666666
2026-05-11 12:00:00,ROAD_001,428,23.2,Medium,13.7,9.0,Good,29.6,11.5,3.3,12,Weekday,23.460999999999984
2026-05-11 12:00:00,ROAD_002,388,30.5,Medium,13.5,9.6,Good,29.6,11.5,3.3,12,Weekday,27.848999999999993
2026-05-11 12:00:00,ROAD_003,287,35.7,Medium,10.8,3.7,Good,29.6,11.5,3.3,12,Weekday,36.025999999999954
2026-05-11 13:00:00,ROAD_001,302,23.1,Medium,5.0,3.0,Good,31.2,14.9,3.0,13,Weekday,22.25499999999998
2026-05-11 13:00:00,ROAD_002,244,25.8,Medium,5.0,7.1,Good,31.2,14.9,3.0,13,Weekday,24.837000000000007
2026-05-11 13:00:00,ROAD_003,263,33.0,Medium,5.0,3.0,Good,31.2,14.9,3.0,13,Weekday,32.488
2026-05-11 14:00:00,ROAD_001,380,31.2,Medium,29.0,10.0,Good,27.5,2.8,4.8,14,Weekday,35.56599999999997
2026-05-11 14:00:00,ROAD_002,236,45.8,Low,17.1,10.2,Good,27.5,2.8,4.8,14,Weekday,41.682000000000045
2026-05-11 14:00:00,ROAD_003,211,57.6,Low,9.7,9.8,Good,27.5,2.8,4.8,14,Weekday,54.975000000000016
2026-05-11 15:00:00,ROAD_001,572,19.5,Heavy,14.4,19.7,Good,26.3,9.7,4.3,15,Weekday,20.021999999999995
2026-05-11 15:00:00,ROAD_002,439,24.4,Medium,7.2,15.5,Good,26.3,9.7,4.3,15,Weekday,24.12500000000003
2026-05-11 15:00:00,ROAD_003,337,43.8,Low,14.0,13.5,Good,26.3,9.7,4.3,15,Weekday,38.03300000000004
2026-05-11 16:00:00,ROAD_001,725,15.3,Heavy,29.6,33.5,Moderate,24.5,9.9,4.0,16,Weekday,16.562999999999978
2026-05-11 16:00:00,ROAD_002,548,23.6,Medium,23.1,17.8,Good,24.5,9.9,4.0,16,Weekday,22.16199999999997
2026-05-11 16:00:00,ROAD_003,493,31.0,Medium,18.5,12.3,Good,24.5,9.9,4.0,16,Weekday,31.992000000000015
2026-05-11 17:00:00,ROAD_001,1056,14.3,Heavy,48.8,36.7,Moderate,24.2,9.2,3.6,17,Weekday,15.090999999999978
2026-05-11 17:00:00,ROAD_002,931,18.0,Heavy,46.3,29.8,Moderate,24.2,9.2,3.6,17,Weekday,18.792999999999996
2026-05-11 17:00:00,ROAD_003,711,33.9,Medium,25.7,20.7,Good,24.2,9.2,3.6,17,Weekday,33.307000000000045
2026-05-11 18:00:00,ROAD_001,1284,20.3,Heavy,73.2,44.5,Poor,21.2,4.6,3.0,18,Weekday,21.075333333333315
2026-05-11 18:00:00,ROAD_002,1002,18.3,Heavy,47.4,35.9,Moderate,21.2,4.6,3.0,18,Weekday,22.33266666666665
2026-05-11 18:00:00,ROAD_003,849,34.2,Medium,49.3,36.6,Moderate,21.2,4.6,3.0,18,Weekday,36.61974999999996
2026-05-11 19:00:00,ROAD_001,1053,10.0,Heavy,43.7,33.0,Moderate,18.5,14.1,2.1,19,Weekday,10.409
2026-05-11 19:00:00,ROAD_002,900,10.7,Heavy,30.5,23.1,Moderate,18.5,14.1,2.1,19,Weekday,11.796000000000017
2026-05-11 19:00:00,ROAD_003,694,25.7,Medium,15.7,15.9,Good,18.5,14.1,2.1,19,Weekday,24.781999999999993
2026-05-11 20:00:00,ROAD_001,777,11.6,Heavy,19.7,25.7,Good,18.7,13.2,4.0,20,Weekday,13.237000000000002
2026-05-11 20:00:00,ROAD_002,567,17.1,Heavy,14.3,14.5,Good,18.7,13.2,4.0,20,Weekday,15.88599999999999
2026-05-11 20:00:00,ROAD_003,490,31.2,Medium,14.1,14.2,Good,18.7,13.2,4.0,20,Weekday,23.92499999999999
2026-05-11 21:00:00,ROAD_001,482,33.1,Medium,33.5,29.9,Moderate,15.9,2.9,5.9,21,Weekday,33.24799999999996
2026-05-11 21:00:00,ROAD_002,390,33.1,Medium,23.3,13.1,Good,15.9,2.9,5.9,21,Weekday,34.25099999999996
2026-05-11 21:00:00,ROAD_003,363,50.4,Low,23.0,13.6,Good,15.9,2.9,5.9,21,Weekday,50.46300000000006
2026-05-11 22:00:00,ROAD_001,304,43.8,Low,28.0,20.0,Good,16.2,1.4,2.8,22,Weekday,40.73441666666669
2026-05-11 22:00:00,ROAD_002,248,43.8,Low,22.7,18.8,Good,16.2,1.4,2.8,22,Weekday,44.36210000000006
2026-05-11 22:00:00,ROAD_003,189,53.4,Low,15.8,14.8,Good,16.2,1.4,2.8,22,Weekday,53.137000000000036
2026-05-11 23:00:00,ROAD_001,242,45.0,Low,20.3,18.5,Good,15.5,1.4,3.3,23,Weekday,44.17313333333336
2026-05-11 23:00:00,ROAD_002,227,43.6,Low,16.7,21.2,Good,15.5,1.4,3.3,23,Weekday,44.53899999999999
2026-05-11 23:00:00,ROAD_003,260,52.5,Low,18.7,17.5,Good,15.5,1.4,3.3,23,Weekday,54.32300000000001
2026-05-12 00:00:00,ROAD_001,234,46.1,Low,31.5,21.3,Moderate,15.2,0.0,8.6,0,Weekday,43.24497142857143
2026-05-12 00:00:00,ROAD_002,232,43.9,Low,27.4,15.2,Good,15.2,0.0,8.6,0,Weekday,45.095800793650795
2026-05-12 00:00:00,ROAD_003,193,59.4,Low,26.5,15.3,Good,15.2,0.0,8.6,0,Weekday,57.330238095238094
2026-05-12 01:00:00,ROAD_001,231,50.6,Low,23.6,22.3,Good,12.5,0.0,8.3,1,Weekday,49.18299999999999
2026-05-12 01:00:00,ROAD_002,213,44.6,Low,17.9,18.3,Good,12.5,0.0,8.3,1,Weekday,45.86399999999997
2026-05-12 01:00:00,ROAD_003,163,62.0,Low,18.0,24.9,Good,12.5,0.0,8.3,1,Weekday,59.94099999999999
2026-05-12 02:00:00,ROAD_001,216,46.4,Low,27.1,21.3,Good,16.4,0.0,9.7,2,Weekday,46.137000000000015
2026-05-12 02:00:00,ROAD_002,161,50.9,Low,24.1,18.1,Good,16.4,0.0,9.7,2,Weekday,48.53999999999999
2026-05-12 02:00:00,ROAD_003,151,54.1,Low,22.2,16.0,Good,16.4,0.0,9.7,2,Weekday,54.7926666666667
2026-05-12 03:00:00,ROAD_001,282,41.9,Low,22.6,18.7,Good,15.4,0.0,9.3,3,Weekday,42.21600000000004
2026-05-12 03:00:00,ROAD_002,203,45.0,Low,23.8,18.0,Good,15.4,0.0,9.3,3,Weekday,43.343999999999994
2026-05-12 03:00:00,ROAD_003,107,54.0,Low,6.2,17.5,Good,15.4,0.0,9.3,3,Weekday,55.72750000000002
2026-05-12 04:00:00,ROAD_001,209,45.7,Low,25.5,15.1,Good,18.0,0.0,9.8,4,Weekday,44.85099999999995
2026-05-12 04:00:00,ROAD_002,150,52.1,Low,28.7,13.7,Good,18.0,0.0,9.8,4,Weekday,50.31499999999999
2026-05-12 04:00:00,ROAD_003,190,54.6,Low,18.6,24.0,Good,18.0,0.0,9.8,4,Weekday,55.90400000000004
2026-05-12 05:00:00,ROAD_001,224,45.8,Low,29.0,17.4,Good,20.9,0.0,8.5,5,Weekday,42.29200000000001
2026-05-12 05:00:00,ROAD_002,235,44.6,Low,23.7,12.8,Good,20.9,0.0,8.5,5,Weekday,44.22124999999999
2026-05-12 05:00:00,ROAD_003,174,57.9,Low,24.4,16.8,Good,20.9,0.0,8.5,5,Weekday,56.61516666666669
2026-05-12 06:00:00,ROAD_001,389,37.4,Medium,39.8,26.8,Moderate,22.0,0.0,8.2,6,Weekday,40.573383333333325
2026-05-12 06:00:00,ROAD_002,361,41.1,Low,28.4,27.0,Good,22.0,0.0,8.2,6,Weekday,42.1340071428571
2026-05-12 06:00:00,ROAD_003,368,50.5,Low,37.3,23.0,Moderate,22.0,0.0,8.2,6,Weekday,52.19826666666668
2026-05-12 07:00:00,ROAD_001,682,36.7,Medium,46.9,27.4,Moderate,23.9,0.0,9.6,7,Weekday,35.82879999999996
2026-05-12 07:00:00,ROAD_002,580,36.2,Medium,34.0,28.2,Moderate,23.9,0.0,9.6,7,Weekday,36.441666666666606
2026-05-12 07:00:00,ROAD_003,434,54.0,Low,29.2,22.0,Good,23.9,0.0,9.6,7,Weekday,52.73400000000001
2026-05-12 08:00:00,ROAD_001,884,33.0,Medium,45.6,36.0,Moderate,24.7,0.0,8.1,8,Weekday,30.57456666666668
2026-05-12 08:00:00,ROAD_002,713,34.9,Medium,46.3,33.6,Moderate,24.7,0.0,8.1,8,Weekday,30.062399999999975
2026-05-12 08:00:00,ROAD_003,595,44.1,Low,44.1,28.6,Moderate,24.7,0.0,8.1,8,Weekday,45.851326190476165
2026-05-12 09:00:00,ROAD_001,1087,31.3,Medium,66.8,46.4,Poor,28.2,0.0,8.2,9,Weekday,30.068700000000014
2026-05-12 09:00:00,ROAD_002,910,30.3,Medium,56.0,40.5,Moderate,28.2,0.0,8.2,9,Weekday,31.107366666666703
2026-05-12 09:00:00,ROAD_003,713,45.8,Low,42.1,30.9,Moderate,28.2,0.0,8.2,9,Weekday,46.95750000000004
2026-05-12 10:00:00,ROAD_001,907,31.6,Medium,51.4,43.8,Moderate,28.5,0.0,8.8,10,Weekday,29.360733333333325
2026-05-12 10:00:00,ROAD_002,797,27.5,Medium,54.1,41.1,Moderate,28.5,0.0,8.8,10,Weekday,30.335636904761905
2026-05-12 10:00:00,ROAD_003,597,48.8,Low,37.6,31.3,Moderate,28.5,0.0,8.8,10,Weekday,46.71379047619053
2026-05-12 11:00:00,ROAD_001,667,35.7,Medium,43.0,28.6,Moderate,29.4,0.0,8.8,11,Weekday,36.12594999999998
2026-05-12 11:00:00,ROAD_002,553,39.3,Low,39.7,30.1,Moderate,29.4,0.0,8.8,11,Weekday,38.672250000000055
2026-05-12 11:00:00,ROAD_003,428,54.6,Low,28.4,26.9,Good,29.4,0.0,8.8,11,Weekday,53.64199999999999
2026-05-12 12:00:00,ROAD_001,489,41.3,Low,36.0,25.0,Moderate,31.8,0.0,8.3,12,Weekday,40.94200000000002
2026-05-12 12:00:00,ROAD_002,409,37.2,Medium,28.6,22.7,Good,31.8,0.0,8.3,12,Weekday,38.570999999999955
2026-05-12 12:00:00,ROAD_003,344,54.0,Low,25.6,20.8,Good,31.8,0.0,8.3,12,Weekday,55.395999999999994
2026-05-12 13:00:00,ROAD_001,361,38.4,Low,39.3,25.9,Moderate,28.7,0.0,8.4,13,Weekday,45.97180000000004
2026-05-12 13:00:00,ROAD_002,312,42.1,Low,28.3,15.2,Good,28.7,0.0,8.4,13,Weekday,46.0155
2026-05-12 13:00:00,ROAD_003,194,57.4,Low,30.2,12.4,Moderate,28.7,0.0,8.4,13,Weekday,56.95726666666659
2026-05-12 14:00:00,ROAD_001,314,43.0,Low,22.2,23.4,Good,29.7,0.0,8.1,14,Weekday,42.249
2026-05-12 14:00:00,ROAD_002,245,44.3,Low,23.8,15.4,Good,29.7,0.0,8.1,14,Weekday,43.61800000000004
2026-05-12 14:00:00,ROAD_003,219,54.8,Low,23.0,14.8,Good,29.7,0.0,8.1,14,Weekday,54.881000000000064
2026-05-12 15:00:00,ROAD_001,482,44.9,Low,37.4,30.9,Moderate,26.3,0.0,9.9,15,Weekday,40.97506666666669
2026-05-12 15:00:00,ROAD_002,336,43.5,Low,24.6,15.9,Good,26.3,0.0,9.9,15,Weekday,41.55599999999997
2026-05-12 15:00:00,ROAD_003,283,57.7,Low,32.5,20.9,Moderate,26.3,0.0,9.9,15,Weekday,57.835066666666634
2026-05-12 16:00:00,ROAD_001,685,35.1,Medium,47.3,34.7,Moderate,25.0,0.0,8.1,16,Weekday,34.77191666666663
2026-05-12 16:00:00,ROAD_002,548,35.9,Medium,39.3,31.3,Moderate,25.0,0.0,8.1,16,Weekday,36.85299999999995
2026-05-12 16:00:00,ROAD_003,409,51.0,Low,34.1,27.7,Moderate,25.0,0.0,8.1,16,Weekday,49.76842857142856
2026-05-12 17:00:00,ROAD_001,1026,22.9,Medium,59.2,49.9,Moderate,25.3,0.0,9.5,17,Weekday,26.240580952380977
2026-05-12 17:00:00,ROAD_002,937,32.6,Medium,59.3,44.3,Moderate,25.3,0.0,9.5,17,Weekday,32.63661666666667
2026-05-12 17:00:00,ROAD_003,683,45.4,Low,54.1,30.1,Moderate,25.3,0.0,9.5,17,Weekday,46.52966666666668
2026-05-12 18:00:00,ROAD_001,1253,19.7,Heavy,74.3,50.9,Poor,23.0,0.0,8.9,18,Weekday,24.480550000000008
2026-05-12 18:00:00,ROAD_002,943,31.0,Medium,62.5,39.6,Poor,23.0,0.0,8.9,18,Weekday,28.834266666666654
2026-05-12 18:00:00,ROAD_003,740,44.3,Low,47.9,38.1,Moderate,23.0,0.0,8.9,18,Weekday,44.754528571428644
2026-05-12 19:00:00,ROAD_001,1132,27.1,Medium,64.2,43.2,Poor,21.5,0.0,9.0,19,Weekday,28.135866666666672
2026-05-12 19:00:00,ROAD_002,871,30.8,Medium,59.0,42.3,Moderate,21.5,0.0,9.0,19,Weekday,30.625809523809558
2026-05-12 19:00:00,ROAD_003,658,46.8,Low,48.0,39.1,Moderate,21.5,0.0,9.0,19,Weekday,47.02066666666669
2026-05-12 20:00:00,ROAD_001,748,35.6,Medium,54.9,30.8,Moderate,19.1,0.0,9.5,20,Weekday,34.15396666666661
2026-05-12 20:00:00,ROAD_002,607,35.0,Medium,44.2,36.2,Moderate,19.1,0.0,9.5,20,Weekday,37.81763333333336
2026-05-12 20:00:00,ROAD_003,473,43.0,Low,34.2,30.2,Moderate,19.1,0.0,9.5,20,Weekday,46.36399999999997
2026-05-12 21:00:00,ROAD_001,488,41.1,Low,35.6,22.0,Moderate,14.7,0.0,9.7,21,Weekday,40.13499999999996
2026-05-12 21:00:00,ROAD_002,410,39.0,Low,44.4,26.6,Moderate,14.7,0.0,9.7,21,Weekday,39.14126666666664
2026-05-12 21:00:00,ROAD_003,288,52.2,Low,27.5,19.1,Good,14.7,0.0,9.7,21,Weekday,53.7372
2026-05-12 22:00:00,ROAD_001,284,49.8,Low,28.0,23.0,Good,16.5,0.0,9.1,22,Weekday,46.66766666666674
2026-05-12 22:00:00,ROAD_002,237,46.2,Low,27.2,10.7,Good,16.5,0.0,9.1,22,Weekday,43.96594999999999
2026-05-12 22:00:00,ROAD_003,290,57.8,Low,26.1,15.7,Good,16.5,0.0,9.1,22,Weekday,57.3213619047619
2026-05-12 23:00:00,ROAD_001,271,44.9,Low,29.7,25.3,Good,16.2,0.0,9.2,23,Weekday,42.25316666666667
2026-05-12 23:00:00,ROAD_002,237,41.9,Low,32.5,24.9,Moderate,16.2,0.0,9.2,23,Weekday,47.989783333333314
2026-05-12 23:00:00,ROAD_003,297,50.4,Low,29.6,12.1,Good,16.2,0.0,9.2,23,Weekday,52.53506666666665
2026-05-13 00:00:00,ROAD_001,316,41.1,Low,20.8,19.2,Good,15.2,0.0,8.4,0,Weekday,43.24497142857143
2026-05-13 00:00:00,ROAD_002,120,49.8,Low,10.1,14.3,Good,15.2,0.0,8.4,0,Weekday,45.095800793650795
2026-05-13 00:00:00,ROAD_003,76,57.5,Low,26.6,14.1,Good,15.2,0.0,8.4,0,Weekday,57.330238095238094
2026-05-13 01:00:00,ROAD_001,240,46.4,Low,19.0,20.8,Good,12.6,0.0,9.0,1,Weekday,46.84300000000001
2026-05-13 01:00:00,ROAD_002,91,46.2,Low,16.7,15.7,Good,12.6,0.0,9.0,1,Weekday,46.72799999999993
2026-05-13 01:00:00,ROAD_003,160,52.4,Low,17.3,16.4,Good,12.6,0.0,9.0,1,Weekday,56.102999999999966
2026-05-13 02:00:00,ROAD_001,237,43.3,Low,23.3,21.1,Good,13.3,0.0,8.1,2,Weekday,44.12500000000007
2026-05-13 02:00:00,ROAD_002,179,46.0,Low,33.9,10.6,Moderate,13.3,0.0,8.1,2,Weekday,45.121
2026-05-13 02:00:00,ROAD_003,86,60.6,Low,15.5,11.7,Good,13.3,0.0,8.1,2,Weekday,60.23400000000002
2026-05-13 03:00:00,ROAD_001,306,46.0,Low,33.1,15.0,Moderate,14.7,0.0,8.7,3,Weekday,46.24600000000002
2026-05-13 03:00:00,ROAD_002,156,38.2,Low,18.0,19.3,Good,14.7,0.0,8.7,3,Weekday,45.77800000000001
2026-05-13 03:00:00,ROAD_003,182,55.5,Low,23.1,13.6,Good,14.7,0.0,8.7,3,Weekday,55.45400000000001
2026-05-13 04:00:00,ROAD_001,190,46.9,Low,28.2,15.0,Good,18.4,0.0,9.8,4,Weekday,45.95252380952384
2026-05-13 04:00:00,ROAD_002,240,53.4,Low,25.3,20.0,Good,18.4,0.0,9.8,4,Weekday,48.66366666666666
2026-05-13 04:00:00,ROAD_003,140,57.6,Low,23.6,15.7,Good,18.4,0.0,9.8,4,Weekday,55.41480000000001
2026-05-13 05:00:00,ROAD_001,284,48.4,Low,29.4,23.3,Good,20.3,0.0,8.3,5,Weekday,46.924392857142855
2026-05-13 05:00:00,ROAD_002,264,46.9,Low,24.9,16.2,Good,20.3,0.0,8.3,5,Weekday,46.923099999999984
2026-05-13 05:00:00,ROAD_003,233,58.5,Low,20.9,15.9,Good,20.3,0.0,8.3,5,Weekday,58.745916666666616
2026-05-13 06:00:00,ROAD_001,421,41.6,Low,32.1,16.7,Moderate,20.9,0.0,8.9,6,Weekday,40.95849999999996
2026-05-13 06:00:00,ROAD_002,350,41.8,Low,33.9,19.5,Moderate,20.9,0.0,8.9,6,Weekday,42.173666666666705
2026-05-13 06:00:00,ROAD_003,359,46.8,Low,37.7,21.7,Moderate,20.9,0.0,8.9,6,Weekday,48.979266666666724
2026-05-13 07:00:00,ROAD_001,728,33.5,Medium,42.1,41.0,Moderate,25.7,0.1,6.1,7,Weekday,34.502
2026-05-13 07:00:00,ROAD_002,564,38.8,Low,46.4,25.5,Moderate,25.7,0.1,6.1,7,Weekday,38.66816666666668
2026-05-13 07:00:00,ROAD_003,479,48.1,Low,35.7,26.9,Moderate,25.7,0.1,6.1,7,Weekday,49.14438095238098
2026-05-13 08:00:00,ROAD_001,1004,27.6,Medium,65.5,44.4,Poor,25.2,0.0,8.6,8,Weekday,30.068233333333346
2026-05-13 08:00:00,ROAD_002,769,30.7,Medium,46.7,42.6,Moderate,25.2,0.0,8.6,8,Weekday,30.65539999999997
2026-05-13 08:00:00,ROAD_003,593,54.0,Low,37.5,33.8,Moderate,25.2,0.0,8.6,8,Weekday,51.66914285714286
2026-05-13 09:00:00,ROAD_001,1029,28.3,Medium,55.5,39.3,Moderate,26.9,0.0,8.1,9,Weekday,27.187000000000033
2026-05-13 09:00:00,ROAD_002,904,29.3,Medium,64.1,45.6,Poor,26.9,0.0,8.1,9,Weekday,29.06164126984126
2026-05-13 09:00:00,ROAD_003,787,41.6,Low,51.1,27.1,Moderate,26.9,0.0,8.1,9,Weekday,46.528600000000026
2026-05-13 10:00:00,ROAD_001,944,30.6,Medium,58.3,42.9,Moderate,29.7,0.0,8.0,10,Weekday,29.4288333333333
2026-05-13 10:00:00,ROAD_002,799,25.2,Medium,52.2,39.9,Moderate,29.7,0.0,8.0,10,Weekday,26.314999999999984
2026-05-13 10:00:00,ROAD_003,690,46.7,Low,45.4,38.6,Moderate,29.7,0.0,8.0,10,Weekday,47.14049999999992
2026-05-13 11:00:00,ROAD_001,652,36.3,Medium,33.3,38.1,Moderate,29.3,0.0,9.0,11,Weekday,36.52275000000003
2026-05-13 11:00:00,ROAD_002,559,39.3,Low,41.3,34.6,Moderate,29.3,0.0,9.0,11,Weekday,37.88750000000004
2026-05-13 11:00:00,ROAD_003,381,52.4,Low,37.9,22.9,Moderate,29.3,0.0,9.0,11,Weekday,52.956999999999944
2026-05-13 12:00:00,ROAD_001,426,39.0,Low,33.4,30.9,Moderate,28.8,0.0,8.6,12,Weekday,41.27299999999998
2026-05-13 12:00:00,ROAD_002,344,41.4,Low,32.8,21.3,Moderate,28.8,0.0,8.6,12,Weekday,41.80300000000004
2026-05-13 12:00:00,ROAD_003,241,54.8,Low,25.4,22.3,Good,28.8,0.0,8.6,12,Weekday,55.09800000000004
2026-05-13 13:00:00,ROAD_001,283,47.1,Low,27.2,15.5,Good,31.7,0.0,9.4,13,Weekday,47.52800000000008
2026-05-13 13:00:00,ROAD_002,216,51.3,Low,23.9,21.3,Good,31.7,0.0,9.4,13,Weekday,48.11900000000006
2026-05-13 13:00:00,ROAD_003,146,64.9,Low,26.0,14.1,Good,31.7,0.0,9.4,13,Weekday,62.22599999999997
2026-05-13 14:00:00,ROAD_001,356,43.1,Low,31.1,24.7,Moderate,28.3,0.0,9.8,14,Weekday,42.50566666666666
2026-05-13 14:00:00,ROAD_002,204,44.6,Low,15.9,19.6,Good,28.3,0.0,9.8,14,Weekday,43.713999999999984
2026-05-13 14:00:00,ROAD_003,192,51.3,Low,19.7,17.3,Good,28.3,0.0,9.8,14,Weekday,52.48101666666672
2026-05-13 15:00:00,ROAD_001,401,41.9,Low,30.1,23.0,Moderate,27.4,0.0,8.3,15,Weekday,40.94483333333328
2026-05-13 15:00:00,ROAD_002,385,43.3,Low,36.6,24.1,Moderate,27.4,0.0,8.3,15,Weekday,43.27900000000005
2026-05-13 15:00:00,ROAD_003,300,53.8,Low,26.8,13.9,Good,27.4,0.0,8.3,15,Weekday,54.41536111111117
2026-05-13 16:00:00,ROAD_001,826,39.6,Low,46.3,37.6,Moderate,26.9,0.0,9.4,16,Weekday,37.903999999999975
2026-05-13 16:00:00,ROAD_002,722,34.8,Medium,48.7,29.2,Moderate,26.9,0.0,9.4,16,Weekday,36.16566666666671
2026-05-13 16:00:00,ROAD_003,503,55.3,Low,44.1,25.2,Moderate,26.9,0.0,9.4,16,Weekday,53.92400000000007
2026-05-13 17:00:00,ROAD_001,1024,22.9,Medium,60.7,51.9,Poor,23.6,0.0,8.3,17,Weekday,26.462285714285716
2026-05-13 17:00:00,ROAD_002,895,35.5,Medium,60.6,39.1,Poor,23.6,0.0,8.3,17,Weekday,35.55089047619051
2026-05-13 17:00:00,ROAD_003,675,43.8,Low,36.8,33.8,Moderate,23.6,0.0,8.3,17,Weekday,44.567059523809576
2026-05-13 18:00:00,ROAD_001,1083,29.2,Medium,64.1,49.8,Poor,22.6,0.0,8.0,18,Weekday,27.015499999999996
2026-05-13 18:00:00,ROAD_002,1042,28.9,Medium,70.0,49.0,Poor,22.6,0.0,8.0,18,Weekday,29.734000000000027
2026-05-13 18:00:00,ROAD_003,769,43.3,Low,38.3,33.3,Moderate,22.6,0.0,8.0,18,Weekday,42.76875000000006
2026-05-13 19:00:00,ROAD_001,1028,24.8,Medium,51.8,43.6,Moderate,18.9,0.0,9.7,19,Weekday,27.122933333333318
2026-05-13 19:00:00,ROAD_002,959,30.8,Medium,62.9,40.0,Poor,18.9,0.0,9.7,19,Weekday,31.375500000000038
2026-05-13 19:00:00,ROAD_003,642,43.0,Low,43.4,24.5,Moderate,18.9,0.0,9.7,19,Weekday,47.84199999999998
2026-05-13 20:00:00,ROAD_001,693,29.2,Medium,47.6,34.4,Moderate,16.8,0.0,8.6,20,Weekday,31.398733333333297
2026-05-13 20:00:00,ROAD_002,652,33.1,Medium,48.1,38.9,Moderate,16.8,0.0,8.6,20,Weekday,35.31519999999997
2026-05-13 20:00:00,ROAD_003,507,47.6,Low,38.5,25.1,Moderate,16.8,0.0,8.6,20,Weekday,50.74500000000003
2026-05-13 21:00:00,ROAD_001,461,44.0,Low,33.5,24.8,Moderate,15.2,0.0,9.5,21,Weekday,42.65083333333334
2026-05-13 21:00:00,ROAD_002,366,39.0,Low,35.5,31.6,Moderate,15.2,0.0,9.5,21,Weekday,41.1193
2026-05-13 21:00:00,ROAD_003,296,51.8,Low,24.6,17.6,Good,15.2,0.0,9.5,21,Weekday,53.009333333333295
2026-05-13 22:00:00,ROAD_001,290,40.2,Low,29.5,19.9,Good,15.9,0.0,8.8,22,Weekday,41.26566666666662
2026-05-13 22:00:00,ROAD_002,216,42.8,Low,32.4,17.7,Moderate,15.9,0.0,8.8,22,Weekday,50.51981666666665
2026-05-13 22:00:00,ROAD_003,213,55.9,Low,31.6,13.3,Moderate,15.9,0.0,8.8,22,Weekday,54.25999999999996
2026-05-13 23:00:00,ROAD_001,188,43.3,Low,28.7,19.6,Good,12.5,0.0,8.6,23,Weekday,43.61900000000007
2026-05-13 23:00:00,ROAD_002,252,43.0,Low,24.0,11.7,Good,12.5,0.0,8.6,23,Weekday,44.309
2026-05-13 23:00:00,ROAD_003,208,59.0,Low,29.8,23.7,Good,12.5,0.0,8.6,23,Weekday,58.151
2026-05-14 00:00:00,ROAD_001,173,42.4,Low,5.1,10.3,Good,15.0,3.7,2.6,0,Weekday,42.20600000000004
2026-05-14 00:00:00,ROAD_002,237,40.1,Low,28.0,18.0,Good,15.0,3.7,2.6,0,Weekday,40.65699999999997
2026-05-14 00:00:00,ROAD_003,133,51.8,Low,13.3,3.9,Good,15.0,3.7,2.6,0,Weekday,51.78000000000007
2026-05-14 01:00:00,ROAD_001,193,41.0,Low,15.0,14.4,Good,14.3,1.6,2.7,1,Weekday,44.887
2026-05-14 01:00:00,ROAD_002,175,44.9,Low,22.9,16.5,Good,14.3,1.6,2.7,1,Weekday,44.84200000000003
2026-05-14 01:00:00,ROAD_003,143,55.5,Low,23.4,14.9,Good,14.3,1.6,2.7,1,Weekday,55.280000000000015
2026-05-14 02:00:00,ROAD_001,219,41.8,Low,16.5,15.6,Good,14.9,2.5,4.6,2,Weekday,41.838000000000065
2026-05-14 02:00:00,ROAD_002,130,41.9,Low,10.4,12.1,Good,14.9,2.5,4.6,2,Weekday,41.77100000000002
2026-05-14 02:00:00,ROAD_003,199,54.0,Low,7.1,22.1,Good,14.9,2.5,4.6,2,Weekday,51.19500000000003
2026-05-14 03:00:00,ROAD_001,259,46.6,Low,22.8,15.5,Good,17.8,0.9,4.6,3,Weekday,44.80200000000001
2026-05-14 03:00:00,ROAD_002,225,43.5,Low,28.9,18.3,Good,17.8,0.9,4.6,3,Weekday,44.19800000000001
2026-05-14 03:00:00,ROAD_003,136,56.8,Low,14.8,17.5,Good,17.8,0.9,4.6,3,Weekday,56.08900000000007
2026-05-14 04:00:00,ROAD_001,219,38.5,Low,24.9,18.2,Good,20.0,2.7,3.4,4,Weekday,39.73066666666664
2026-05-14 04:00:00,ROAD_002,232,44.3,Low,15.6,16.3,Good,20.0,2.7,3.4,4,Weekday,43.36100000000007
2026-05-14 04:00:00,ROAD_003,165,55.1,Low,16.4,11.0,Good,20.0,2.7,3.4,4,Weekday,53.6938
2026-05-14 05:00:00,ROAD_001,300,36.7,Medium,25.6,16.2,Good,19.8,3.4,4.8,5,Weekday,38.229999999999954
2026-05-14 05:00:00,ROAD_002,198,43.9,Low,13.4,13.0,Good,19.8,3.4,4.8,5,Weekday,42.704000000000036
2026-05-14 05:00:00,ROAD_003,200,51.4,Low,6.2,11.6,Good,19.8,3.4,4.8,5,Weekday,52.38279999999999
2026-05-14 06:00:00,ROAD_001,402,33.9,Medium,29.0,17.2,Good,22.9,2.9,4.6,6,Weekday,34.336000000000034
2026-05-14 06:00:00,ROAD_002,369,36.5,Medium,16.9,10.5,Good,22.9,2.9,4.6,6,Weekday,36.150999999999996
2026-05-14 06:00:00,ROAD_003,301,47.7,Low,20.0,19.8,Good,22.9,2.9,4.6,6,Weekday,47.659999999999954
2026-05-14 07:00:00,ROAD_001,695,27.8,Medium,41.2,36.6,Moderate,25.6,2.0,5.4,7,Weekday,28.359000000000016
2026-05-14 07:00:00,ROAD_002,592,28.6,Medium,38.6,27.0,Moderate,25.6,2.0,5.4,7,Weekday,30.34433333333329
2026-05-14 07:00:00,ROAD_003,404,49.6,Low,26.7,19.8,Good,25.6,2.0,5.4,7,Weekday,48.896000000000015
2026-05-14 08:00:00,ROAD_001,1006,25.9,Medium,49.1,36.6,Moderate,27.4,2.7,4.4,8,Weekday,27.113000000000024
2026-05-14 08:00:00,ROAD_002,734,32.6,Medium,48.6,39.8,Moderate,27.4,2.7,4.4,8,Weekday,31.818999999999956
2026-05-14 08:00:00,ROAD_003,670,45.5,Low,36.8,25.6,Moderate,27.4,2.7,4.4,8,Weekday,44.95400000000001
2026-05-14 09:00:00,ROAD_001,1034,24.5,Medium,63.7,46.8,Poor,28.4,3.6,2.5,9,Weekday,25.732999999999997
2026-05-14 09:00:00,ROAD_002,928,28.2,Medium,52.7,40.0,Moderate,28.4,3.6,2.5,9,Weekday,30.394366666666674
2026-05-14 09:00:00,ROAD_003,755,34.8,Medium,42.8,31.8,Moderate,28.4,3.6,2.5,9,Weekday,44.86966666666666
2026-05-14 10:00:00,ROAD_001,922,28.9,Medium,51.5,33.0,Moderate,27.6,2.4,4.3,10,Weekday,28.40800000000003
2026-05-14 10:00:00,ROAD_002,813,27.7,Medium,51.2,35.6,Moderate,27.6,2.4,4.3,10,Weekday,29.685999999999982
2026-05-14 10:00:00,ROAD_003,653,39.9,Low,36.6,28.1,Moderate,27.6,2.4,4.3,10,Weekday,41.41500000000003
2026-05-14 11:00:00,ROAD_001,662,14.3,Heavy,24.1,19.9,Good,30.7,10.9,4.4,11,Weekday,15.578999999999985
2026-05-14 11:00:00,ROAD_002,528,19.5,Heavy,21.3,7.6,Good,30.7,10.9,4.4,11,Weekday,18.568999999999992
2026-05-14 11:00:00,ROAD_003,468,33.3,Medium,16.7,12.1,Good,30.7,10.9,4.4,11,Weekday,33.58600000000001
2026-05-14 12:00:00,ROAD_001,468,35.1,Medium,23.5,26.7,Good,31.6,3.3,4.6,12,Weekday,35.903999999999954
2026-05-14 12:00:00,ROAD_002,344,35.1,Medium,23.0,14.4,Good,31.6,3.3,4.6,12,Weekday,36.43899999999997
2026-05-14 12:00:00,ROAD_003,277,50.3,Low,22.6,12.1,Good,31.6,3.3,4.6,12,Weekday,52.35000000000001
2026-05-14 13:00:00,ROAD_001,376,31.5,Medium,32.6,19.3,Moderate,28.4,4.6,2.4,13,Weekday,33.37299999999999
2026-05-14 13:00:00,ROAD_002,310,41.0,Low,24.6,14.9,Good,28.4,4.6,2.4,13,Weekday,38.857
2026-05-14 13:00:00,ROAD_003,263,48.4,Low,23.1,18.5,Good,28.4,4.6,2.4,13,Weekday,46.009000000000015
2026-05-14 14:00:00,ROAD_001,359,18.6,Heavy,5.0,3.7,Good,29.7,14.7,5.9,14,Weekday,20.700000000000017
2026-05-14 14:00:00,ROAD_002,265,24.7,Medium,5.0,9.4,Good,29.7,14.7,5.9,14,Weekday,23.560000000000006
2026-05-14 14:00:00,ROAD_003,146,33.1,Medium,5.0,3.0,Good,29.7,14.7,5.9,14,Weekday,31.614999999999963
2026-05-14 15:00:00,ROAD_001,479,34.2,Medium,21.2,23.9,Good,26.7,5.3,2.3,15,Weekday,31.074999999999967
2026-05-14 15:00:00,ROAD_002,449,28.4,Medium,26.0,18.1,Good,26.7,5.3,2.3,15,Weekday,29.735000000000028
2026-05-14 15:00:00,ROAD_003,341,41.3,Low,27.9,9.1,Good,26.7,5.3,2.3,15,Weekday,41.920000000000016
2026-05-14 16:00:00,ROAD_001,778,27.0,Medium,47.5,28.2,Moderate,27.6,3.4,2.1,16,Weekday,28.257
2026-05-14 16:00:00,ROAD_002,680,30.8,Medium,35.8,28.5,Moderate,27.6,3.4,2.1,16,Weekday,32.153333333333364
2026-05-14 16:00:00,ROAD_003,530,42.1,Low,28.3,23.6,Good,27.6,3.4,2.1,16,Weekday,51.65875000000003
2026-05-14 17:00:00,ROAD_001,1010,18.5,Heavy,46.0,37.0,Moderate,24.6,6.4,5.9,17,Weekday,17.720000000000002
2026-05-14 17:00:00,ROAD_002,910,21.9,Heavy,49.3,34.1,Moderate,24.6,6.4,5.9,17,Weekday,22.173000000000023
2026-05-14 17:00:00,ROAD_003,776,32.9,Medium,33.3,31.7,Moderate,24.6,6.4,5.9,17,Weekday,34.62500000000003
2026-05-14 18:00:00,ROAD_001,1221,10.0,Heavy,56.5,45.3,Moderate,20.3,6.7,4.5,18,Weekday,12.422
2026-05-14 18:00:00,ROAD_002,988,23.2,Medium,48.2,41.8,Moderate,20.3,6.7,4.5,18,Weekday,21.780000000000005
2026-05-14 18:00:00,ROAD_003,791,36.3,Medium,45.4,34.9,Moderate,20.3,6.7,4.5,18,Weekday,36.06800000000004
2026-05-14 19:00:00,ROAD_001,1028,15.5,Heavy,42.1,41.7,Moderate,18.3,7.4,2.6,19,Weekday,16.088
2026-05-14 19:00:00,ROAD_002,831,21.7,Heavy,36.3,34.4,Moderate,18.3,7.4,2.6,19,Weekday,21.855000000000008
2026-05-14 19:00:00,ROAD_003,682,35.9,Medium,25.0,34.1,Moderate,18.3,7.4,2.6,19,Weekday,36.148000000000025
2026-05-14 20:00:00,ROAD_001,728,27.0,Medium,25.9,28.1,Good,17.7,8.7,2.0,20,Weekday,25.477999999999987
2026-05-14 20:00:00,ROAD_002,636,27.5,Medium,22.9,18.9,Good,17.7,8.7,2.0,20,Weekday,26.752000000000002
2026-05-14 20:00:00,ROAD_003,541,37.0,Medium,14.2,16.3,Good,17.7,8.7,2.0,20,Weekday,34.81
2026-05-14 21:00:00,ROAD_001,409,36.1,Medium,19.1,25.4,Good,16.1,3.5,4.7,21,Weekday,33.35199999999999
2026-05-14 21:00:00,ROAD_002,389,37.2,Medium,39.3,17.0,Moderate,16.1,3.5,4.7,21,Weekday,35.591
2026-05-14 21:00:00,ROAD_003,381,45.6,Low,24.0,29.7,Good,16.1,3.5,4.7,21,Weekday,49.74500000000005
2026-05-14 22:00:00,ROAD_001,304,43.7,Low,26.5,21.7,Good,14.1,1.2,3.9,22,Weekday,41.69399999999994
2026-05-14 22:00:00,ROAD_002,289,48.6,Low,24.0,14.9,Good,14.1,1.2,3.9,22,Weekday,46.934
2026-05-14 22:00:00,ROAD_003,219,51.2,Low,29.9,15.1,Good,14.1,1.2,3.9,22,Weekday,53.34399999999995
2026-05-14 23:00:00,ROAD_001,265,43.7,Low,27.1,7.2,Good,13.9,1.3,2.7,23,Weekday,43.97699999999996
2026-05-14 23:00:00,ROAD_002,165,47.5,Low,15.2,15.0,Good,13.9,1.3,2.7,23,Weekday,47.387000000000015
2026-05-14 23:00:00,ROAD_003,121,57.7,Low,22.5,15.6,Good,13.9,1.3,2.7,23,Weekday,56.45799999999992
2026-05-15 00:00:00,ROAD_001,193,43.6,Low,28.2,21.3,Good,14.5,0.0,9.3,0,Weekday,45.15999999999998
2026-05-15 00:00:00,ROAD_002,173,44.2,Low,19.5,9.6,Good,14.5,0.0,9.3,0,Weekday,47.24000000000001
2026-05-15 00:00:00,ROAD_003,109,54.0,Low,18.4,14.9,Good,14.5,0.0,9.3,0,Weekday,54.99466666666666
2026-05-15 01:00:00,ROAD_001,220,45.8,Low,17.4,21.5,Good,15.4,0.0,8.3,1,Weekday,43.87006666666672
2026-05-15 01:00:00,ROAD_002,251,42.9,Low,24.3,23.8,Good,15.4,0.0,8.3,1,Weekday,42.2581666666667
2026-05-15 01:00:00,ROAD_003,155,58.5,Low,21.5,21.7,Good,15.4,0.0,8.3,1,Weekday,58.25476190476191
2026-05-15 02:00:00,ROAD_001,259,46.2,Low,29.5,16.8,Good,16.7,0.0,9.8,2,Weekday,44.043361904761916
2026-05-15 02:00:00,ROAD_002,181,48.5,Low,23.8,11.6,Good,16.7,0.0,9.8,2,Weekday,47.2435
2026-05-15 02:00:00,ROAD_003,235,58.0,Low,25.8,17.1,Good,16.7,0.0,9.8,2,Weekday,58.50709999999998
2026-05-15 03:00:00,ROAD_001,161,53.0,Low,18.3,15.6,Good,17.0,0.0,9.9,3,Weekday,50.01060000000001
2026-05-15 03:00:00,ROAD_002,203,51.8,Low,23.7,23.5,Good,17.0,0.0,9.9,3,Weekday,47.32391666666666
2026-05-15 03:00:00,ROAD_003,178,53.4,Low,23.7,15.8,Good,17.0,0.0,9.9,3,Weekday,53.55099999999997
2026-05-15 04:00:00,ROAD_001,256,46.3,Low,27.5,16.4,Good,16.6,0.0,9.2,4,Weekday,45.88400000000007
2026-05-15 04:00:00,ROAD_002,243,43.1,Low,10.4,19.0,Good,16.6,0.0,9.2,4,Weekday,45.25900000000001
2026-05-15 04:00:00,ROAD_003,148,58.1,Low,31.7,23.3,Moderate,16.6,0.0,9.2,4,Weekday,56.8087142857143
2026-05-15 05:00:00,ROAD_001,295,42.6,Low,25.6,21.5,Good,21.3,0.0,8.8,5,Weekday,43.8471
2026-05-15 05:00:00,ROAD_002,194,49.8,Low,20.4,19.7,Good,21.3,0.0,8.8,5,Weekday,47.21950000000006
2026-05-15 05:00:00,ROAD_003,152,58.8,Low,25.2,16.9,Good,21.3,0.0,8.8,5,Weekday,57.75645000000005
2026-05-15 06:00:00,ROAD_001,431,37.9,Medium,36.9,21.7,Moderate,22.4,0.0,9.7,6,Weekday,40.7713
2026-05-15 06:00:00,ROAD_002,349,43.5,Low,37.5,22.3,Moderate,22.4,0.0,9.7,6,Weekday,43.45699603174603
2026-05-15 06:00:00,ROAD_003,293,56.1,Low,28.4,22.8,Good,22.4,0.0,9.7,6,Weekday,56.0643
2026-05-15 07:00:00,ROAD_001,639,27.2,Medium,45.2,33.5,Moderate,24.0,0.0,9.7,7,Weekday,35.88779999999996
2026-05-15 07:00:00,ROAD_002,501,36.6,Medium,51.3,26.3,Moderate,24.0,0.0,9.7,7,Weekday,36.64566666666661
2026-05-15 07:00:00,ROAD_003,484,48.0,Low,26.3,26.3,Good,24.0,0.0,9.7,7,Weekday,50.048
2026-05-15 08:00:00,ROAD_001,920,29.3,Medium,46.9,40.7,Moderate,27.8,0.0,8.5,8,Weekday,29.12100000000001
2026-05-15 08:00:00,ROAD_002,794,33.0,Medium,61.5,45.1,Poor,27.8,0.0,8.5,8,Weekday,32.161333333333324
2026-05-15 08:00:00,ROAD_003,607,41.2,Low,41.8,32.8,Moderate,27.8,0.0,8.5,8,Weekday,43.33699999999998
2026-05-15 09:00:00,ROAD_001,1143,25.4,Medium,69.7,46.3,Poor,26.6,0.0,8.5,9,Weekday,26.19375000000004
2026-05-15 09:00:00,ROAD_002,897,30.3,Medium,52.0,46.0,Moderate,26.6,0.0,8.5,9,Weekday,30.918983333333358
2026-05-15 09:00:00,ROAD_003,664,47.1,Low,43.1,34.9,Moderate,26.6,0.0,8.5,9,Weekday,47.97089999999999
2026-05-15 10:00:00,ROAD_001,918,34.3,Medium,56.2,36.8,Moderate,28.3,0.0,9.7,10,Weekday,31.21500000000002
2026-05-15 10:00:00,ROAD_002,823,32.3,Medium,43.5,40.1,Moderate,28.3,0.0,9.7,10,Weekday,31.92680000000004
2026-05-15 10:00:00,ROAD_003,677,49.7,Low,43.6,34.3,Moderate,28.3,0.0,9.7,10,Weekday,50.02699999999996
2026-05-15 11:00:00,ROAD_001,685,40.2,Low,41.8,32.1,Moderate,27.7,0.0,8.2,11,Weekday,38.79599999999998
2026-05-15 11:00:00,ROAD_002,536,34.5,Medium,40.4,35.2,Moderate,27.7,0.0,8.2,11,Weekday,35.20466666666666
2026-05-15 11:00:00,ROAD_003,447,48.0,Low,36.0,28.0,Moderate,27.7,0.0,8.2,11,Weekday,53.0693333333334
2026-05-15 12:00:00,ROAD_001,409,40.6,Low,34.9,25.9,Moderate,29.9,0.0,9.6,12,Weekday,38.28949999999997
2026-05-15 12:00:00,ROAD_002,370,38.5,Low,43.3,22.0,Moderate,29.9,0.0,9.6,12,Weekday,39.402
2026-05-15 12:00:00,ROAD_003,299,55.6,Low,25.3,20.7,Good,29.9,0.0,9.6,12,Weekday,55.313000000000045
2026-05-15 13:00:00,ROAD_001,295,45.1,Low,26.9,21.4,Good,28.5,0.0,8.1,13,Weekday,45.01599999999999
2026-05-15 13:00:00,ROAD_002,226,42.8,Low,18.3,15.1,Good,28.5,0.0,8.1,13,Weekday,43.309700000000014
2026-05-15 13:00:00,ROAD_003,112,56.7,Low,17.4,14.5,Good,28.5,0.0,8.1,13,Weekday,56.510999999999946
2026-05-15 14:00:00,ROAD_001,433,44.4,Low,32.2,23.2,Moderate,29.0,0.0,9.7,14,Weekday,43.06763333333334
2026-05-15 14:00:00,ROAD_002,309,38.5,Low,27.3,19.9,Good,29.0,0.0,9.7,14,Weekday,40.46900000000003
2026-05-15 14:00:00,ROAD_003,243,56.8,Low,22.2,16.8,Good,29.0,0.0,9.7,14,Weekday,55.62100000000003
2026-05-15 15:00:00,ROAD_001,518,41.0,Low,39.2,29.7,Moderate,28.4,0.0,8.3,15,Weekday,40.95270000000002
2026-05-15 15:00:00,ROAD_002,373,40.4,Low,29.7,25.1,Good,28.4,0.0,8.3,15,Weekday,42.86466666666667
2026-05-15 15:00:00,ROAD_003,321,52.0,Low,33.2,20.5,Moderate,28.4,0.0,8.3,15,Weekday,52.908399999999986
2026-05-15 16:00:00,ROAD_001,706,30.2,Medium,46.7,32.1,Moderate,24.4,0.0,9.3,16,Weekday,34.65643809523808
2026-05-15 16:00:00,ROAD_002,611,34.4,Medium,48.5,28.7,Moderate,24.4,0.0,9.3,16,Weekday,38.18799999999996
2026-05-15 16:00:00,ROAD_003,480,51.1,Low,29.7,21.0,Good,24.4,0.0,9.3,16,Weekday,46.852028571428555
2026-05-15 17:00:00,ROAD_001,1022,30.5,Medium,56.9,44.7,Moderate,25.3,0.0,8.3,17,Weekday,26.240580952380977
2026-05-15 17:00:00,ROAD_002,845,33.3,Medium,59.7,32.1,Moderate,25.3,0.0,8.3,17,Weekday,32.63661666666667
2026-05-15 17:00:00,ROAD_003,709,47.8,Low,44.8,30.3,Moderate,25.3,0.0,8.3,17,Weekday,46.52966666666668
2026-05-15 18:00:00,ROAD_001,1235,25.4,Medium,71.1,49.6,Poor,22.6,0.0,9.7,18,Weekday,27.015499999999996
2026-05-15 18:00:00,ROAD_002,1034,30.9,Medium,55.8,47.6,Moderate,22.6,0.0,9.7,18,Weekday,29.734000000000027
2026-05-15 18:00:00,ROAD_003,826,45.4,Low,51.8,35.5,Moderate,22.6,0.0,9.7,18,Weekday,42.76875000000006
2026-05-15 19:00:00,ROAD_001,1056,27.3,Medium,73.2,50.5,Poor,19.3,0.0,8.3,19,Weekday,27.93573333333333
2026-05-15 19:00:00,ROAD_002,920,32.2,Medium,54.6,41.1,Moderate,19.3,0.0,8.3,19,Weekday,31.62279285714286
2026-05-15 19:00:00,ROAD_003,698,46.0,Low,48.4,34.4,Moderate,19.3,0.0,8.3,19,Weekday,43.15599999999997
2026-05-15 20:00:00,ROAD_001,690,39.5,Low,57.1,38.9,Moderate,17.2,0.0,8.2,20,Weekday,37.96899999999997
2026-05-15 20:00:00,ROAD_002,571,40.5,Low,45.8,28.4,Moderate,17.2,0.0,8.2,20,Weekday,39.67499999999998
2026-05-15 20:00:00,ROAD_003,517,47.9,Low,45.9,29.6,Moderate,17.2,0.0,8.2,20,Weekday,49.278999999999975
2026-05-15 21:00:00,ROAD_001,509,40.0,Low,40.3,27.5,Moderate,15.2,0.0,9.4,21,Weekday,42.65083333333334
2026-05-15 21:00:00,ROAD_002,344,42.4,Low,33.1,21.5,Moderate,15.2,0.0,9.4,21,Weekday,41.1193
2026-05-15 21:00:00,ROAD_003,343,51.7,Low,28.8,25.3,Good,15.2,0.0,9.4,21,Weekday,53.009333333333295
2026-05-15 22:00:00,ROAD_001,355,40.5,Low,27.3,11.1,Good,16.0,0.0,8.2,22,Weekday,42.27041666666666
2026-05-15 22:00:00,ROAD_002,239,48.9,Low,15.4,14.6,Good,16.0,0.0,8.2,22,Weekday,50.60491666666665
2026-05-15 22:00:00,ROAD_003,227,48.5,Low,22.7,22.5,Good,16.0,0.0,8.2,22,Weekday,50.36551428571428
2026-05-15 23:00:00,ROAD_001,220,42.5,Low,25.6,18.8,Good,15.0,0.0,9.0,23,Weekday,42.71005000000001
2026-05-15 23:00:00,ROAD_002,288,46.9,Low,28.4,18.7,Good,15.0,0.0,9.0,23,Weekday,47.867000000000004
2026-05-15 23:00:00,ROAD_003,292,55.8,Low,24.8,19.3,Good,15.0,0.0,9.0,23,Weekday,56.033000000000044
2026-05-16 00:00:00,ROAD_001,357,35.3,Medium,32.6,29.6,Moderate,15.8,0.0,8.4,0,Weekend,38.055000000000035
2026-05-16 00:00:00,ROAD_002,261,44.7,Low,23.2,21.2,Good,15.8,0.0,8.4,0,Weekend,43.07899999999995
2026-05-16 00:00:00,ROAD_003,254,50.6,Low,21.5,15.6,Good,15.8,0.0,8.4,0,Weekend,51.66800000000005
2026-05-16 01:00:00,ROAD_001,467,44.0,Low,35.1,25.0,Moderate,14.9,0.0,9.3,1,Weekend,43.062
2026-05-16 01:00:00,ROAD_002,402,42.5,Low,30.3,24.2,Moderate,14.9,0.0,9.3,1,Weekend,42.599000000000004
2026-05-16 01:00:00,ROAD_003,351,53.1,Low,31.0,24.3,Moderate,14.9,0.0,9.3,1,Weekend,53.66746666666667
2026-05-16 02:00:00,ROAD_001,581,38.5,Low,33.2,29.5,Moderate,16.9,0.0,8.9,2,Weekend,36.703699999999984
2026-05-16 02:00:00,ROAD_002,401,36.6,Medium,23.9,28.2,Good,16.9,0.0,8.9,2,Weekend,41.32286666666673
2026-05-16 02:00:00,ROAD_003,400,47.9,Low,35.5,28.0,Moderate,16.9,0.0,8.9,2,Weekend,48.364
2026-05-16 03:00:00,ROAD_001,729,37.5,Medium,45.5,35.6,Moderate,18.1,0.0,8.7,3,Weekend,36.16470000000001
2026-05-16 03:00:00,ROAD_002,589,32.9,Medium,46.1,38.8,Moderate,18.1,0.0,8.7,3,Weekend,35.35600000000004
2026-05-16 03:00:00,ROAD_003,445,53.6,Low,30.8,26.1,Moderate,18.1,0.0,8.7,3,Weekend,53.02899999999999
2026-05-16 04:00:00,ROAD_001,807,27.8,Medium,48.0,30.6,Moderate,19.0,0.0,8.8,4,Weekend,28.684333333333342
2026-05-16 04:00:00,ROAD_002,690,38.1,Low,44.9,35.3,Moderate,19.0,0.0,8.8,4,Weekend,38.21499999999994
2026-05-16 04:00:00,ROAD_003,525,51.3,Low,39.3,20.4,Moderate,19.0,0.0,8.8,4,Weekend,50.53800000000003
2026-05-16 05:00:00,ROAD_001,789,32.1,Medium,40.8,32.5,Moderate,21.4,0.1,5.7,5,Weekend,32.207999999999956
2026-05-16 05:00:00,ROAD_002,705,35.8,Medium,48.1,34.6,Moderate,21.4,0.1,5.7,5,Weekend,35.69900000000005
2026-05-16 05:00:00,ROAD_003,532,48.6,Low,36.6,22.0,Moderate,21.4,0.1,5.7,5,Weekend,49.53133333333335
2026-05-16 06:00:00,ROAD_001,832,28.0,Medium,53.4,39.5,Moderate,23.1,0.0,9.9,6,Weekend,30.663000000000014
2026-05-16 06:00:00,ROAD_002,674,39.1,Low,47.0,39.5,Moderate,23.1,0.0,9.9,6,Weekend,38.339999999999975
2026-05-16 06:00:00,ROAD_003,498,50.0,Low,37.8,23.2,Moderate,23.1,0.0,9.9,6,Weekend,50.43833333333332
2026-05-16 07:00:00,ROAD_001,723,33.7,Medium,50.0,35.5,Moderate,25.0,0.0,8.0,7,Weekend,34.276999999999965
2026-05-16 07:00:00,ROAD_002,570,38.0,Low,46.7,30.7,Moderate,25.0,0.0,8.0,7,Weekend,34.22500000000001
2026-05-16 07:00:00,ROAD_003,505,48.6,Low,40.0,22.8,Moderate,25.0,0.0,8.0,7,Weekend,49.99800000000004
2026-05-16 08:00:00,ROAD_001,635,33.4,Medium,39.7,32.5,Moderate,25.4,0.0,8.1,8,Weekend,34.79400000000004
2026-05-16 08:00:00,ROAD_002,541,40.2,Low,40.6,29.2,Moderate,25.4,0.0,8.1,8,Weekend,39.649999999999956
2026-05-16 08:00:00,ROAD_003,416,51.9,Low,28.6,24.7,Good,25.4,0.0,8.1,8,Weekend,51.391999999999996
2026-05-16 09:00:00,ROAD_001,460,48.0,Low,35.5,20.5,Moderate,26.2,0.0,9.1,9,Weekend,44.704000000000036
2026-05-16 09:00:00,ROAD_002,394,43.3,Low,41.1,21.4,Moderate,26.2,0.0,9.1,9,Weekend,43.89333333333339
2026-05-16 09:00:00,ROAD_003,256,57.1,Low,19.6,17.2,Good,26.2,0.0,9.1,9,Weekend,55.51900000000001
2026-05-16 10:00:00,ROAD_001,381,41.9,Low,35.6,20.6,Moderate,27.5,0.0,9.9,10,Weekend,41.7836666666667
2026-05-16 10:00:00,ROAD_002,315,43.4,Low,29.9,21.4,Good,27.5,0.0,9.9,10,Weekend,40.38213333333333
2026-05-16 10:00:00,ROAD_003,278,56.7,Low,29.5,21.5,Good,27.5,0.0,9.9,10,Weekend,53.967966666666634
2026-05-16 11:00:00,ROAD_001,379,44.3,Low,28.6,20.6,Good,28.7,0.0,9.0,11,Weekend,38.442999999999955
2026-05-16 11:00:00,ROAD_002,277,45.8,Low,32.6,18.1,Moderate,28.7,0.0,9.0,11,Weekend,44.186000000000014
2026-05-16 11:00:00,ROAD_003,276,54.6,Low,26.8,18.8,Good,28.7,0.0,9.0,11,Weekend,52.756449999999965
2026-05-16 12:00:00,ROAD_001,483,37.4,Medium,39.3,24.8,Moderate,31.6,0.0,9.3,12,Weekend,39.82250000000006
2026-05-16 12:00:00,ROAD_002,292,43.9,Low,28.8,31.9,Moderate,31.6,0.0,9.3,12,Weekend,41.17949999999996
2026-05-16 12:00:00,ROAD_003,254,51.3,Low,27.8,10.6,Good,31.6,0.0,9.3,12,Weekend,53.030000000000065
2026-05-16 13:00:00,ROAD_001,511,42.3,Low,35.5,27.3,Moderate,27.8,0.0,9.2,13,Weekend,41.34100000000005
2026-05-16 13:00:00,ROAD_002,369,38.9,Low,33.2,17.8,Moderate,27.8,0.0,9.2,13,Weekend,39.05000000000003
2026-05-16 13:00:00,ROAD_003,303,50.7,Low,31.4,27.8,Moderate,27.8,0.0,9.2,13,Weekend,50.95650000000006
2026-05-16 14:00:00,ROAD_001,595,37.7,Medium,42.9,29.0,Moderate,28.6,0.0,8.8,14,Weekend,37.28942380952378
2026-05-16 14:00:00,ROAD_002,491,40.9,Low,42.3,19.4,Moderate,28.6,0.0,8.8,14,Weekend,40.74501111111115
2026-05-16 14:00:00,ROAD_003,385,52.6,Low,27.7,30.4,Moderate,28.6,0.0,8.8,14,Weekend,52.07479999999999
2026-05-16 15:00:00,ROAD_001,742,32.8,Medium,39.2,34.3,Moderate,25.9,0.0,8.9,15,Weekend,34.08616666666669
2026-05-16 15:00:00,ROAD_002,641,35.6,Medium,39.6,36.1,Moderate,25.9,0.0,8.9,15,Weekend,36.74637499999995
2026-05-16 15:00:00,ROAD_003,466,48.8,Low,36.7,29.4,Moderate,25.9,0.0,8.9,15,Weekend,48.205000000000055
2026-05-16 16:00:00,ROAD_001,854,30.7,Medium,48.3,40.1,Moderate,26.4,0.0,9.1,16,Weekend,32.82819999999998
2026-05-16 16:00:00,ROAD_002,677,32.7,Medium,44.6,35.3,Moderate,26.4,0.0,9.1,16,Weekend,33.50513333333336
2026-05-16 16:00:00,ROAD_003,552,50.0,Low,41.3,27.3,Moderate,26.4,0.0,9.1,16,Weekend,47.23465000000001
2026-05-16 17:00:00,ROAD_001,911,31.1,Medium,54.9,38.2,Moderate,23.6,0.0,8.4,17,Weekend,31.116999999999965
2026-05-16 17:00:00,ROAD_002,817,29.8,Medium,49.6,40.3,Moderate,23.6,0.0,8.4,17,Weekend,31.31900000000003
2026-05-16 17:00:00,ROAD_003,584,50.7,Low,50.3,32.5,Moderate,23.6,0.0,8.4,17,Weekend,49.9989999999999
2026-05-16 18:00:00,ROAD_001,820,39.1,Low,44.9,43.5,Moderate,20.6,0.0,8.8,18,Weekend,32.63899999999997
2026-05-16 18:00:00,ROAD_002,680,38.3,Low,45.1,30.4,Moderate,20.6,0.0,8.8,18,Weekend,36.01406666666669
2026-05-16 18:00:00,ROAD_003,568,50.1,Low,45.4,29.8,Moderate,20.6,0.0,8.8,18,Weekend,50.05900000000001
2026-05-16 19:00:00,ROAD_001,752,35.6,Medium,44.0,34.2,Moderate,19.6,0.0,8.5,19,Weekend,34.74699999999996
2026-05-16 19:00:00,ROAD_002,581,33.4,Medium,37.1,25.8,Moderate,19.6,0.0,8.5,19,Weekend,33.852000000000054
2026-05-16 19:00:00,ROAD_003,463,48.1,Low,27.7,34.3,Moderate,19.6,0.0,8.5,19,Weekend,48.970000000000006
2026-05-16 20:00:00,ROAD_001,610,38.5,Low,48.4,28.1,Moderate,19.0,0.0,8.7,20,Weekend,38.285999999999994
2026-05-16 20:00:00,ROAD_002,543,37.0,Medium,32.8,31.9,Moderate,19.0,0.0,8.7,20,Weekend,37.59979999999999
2026-05-16 20:00:00,ROAD_003,451,58.4,Low,29.3,28.6,Good,19.0,0.0,8.7,20,Weekend,56.19699999999995
2026-05-16 21:00:00,ROAD_001,421,37.4,Medium,30.1,25.1,Moderate,15.6,0.0,9.7,21,Weekend,39.50400000000003
2026-05-16 21:00:00,ROAD_002,374,44.2,Low,37.0,25.5,Moderate,15.6,0.0,9.7,21,Weekend,42.53199999999995
2026-05-16 21:00:00,ROAD_003,384,53.2,Low,26.2,28.9,Good,15.6,0.0,9.7,21,Weekend,52.937999999999946
2026-05-16 22:00:00,ROAD_001,455,41.9,Low,28.0,22.3,Good,14.3,0.0,9.6,22,Weekend,44.47787500000005
2026-05-16 22:00:00,ROAD_002,379,41.6,Low,32.5,26.3,Moderate,14.3,0.0,9.6,22,Weekend,41.32699999999996
2026-05-16 22:00:00,ROAD_003,289,54.8,Low,27.0,18.9,Good,14.3,0.0,9.6,22,Weekend,54.30200000000004
2026-05-16 23:00:00,ROAD_001,349,46.0,Low,30.1,18.8,Moderate,15.6,0.0,9.4,23,Weekend,43.799000000000014
2026-05-16 23:00:00,ROAD_002,269,41.5,Low,25.7,24.3,Good,15.6,0.0,9.4,23,Weekend,41.905
2026-05-16 23:00:00,ROAD_003,207,56.3,Low,21.0,16.2,Good,15.6,0.0,9.4,23,Weekend,55.76100000000007
2026-05-17 00:00:00,ROAD_001,331,42.4,Low,28.9,23.7,Good,15.2,0.0,9.9,0,Weekend,41.24800000000005
2026-05-17 00:00:00,ROAD_002,335,39.4,Low,35.5,22.6,Moderate,15.2,0.0,9.9,0,Weekend,41.18400000000001
2026-05-17 00:00:00,ROAD_003,269,54.4,Low,24.5,20.3,Good,15.2,0.0,9.9,0,Weekend,54.06199999999994
2026-05-17 01:00:00,ROAD_001,499,34.4,Medium,34.8,26.4,Moderate,13.9,0.0,10.0,1,Weekend,36.96080000000005
2026-05-17 01:00:00,ROAD_002,410,45.0,Low,29.6,22.4,Good,13.9,0.0,10.0,1,Weekend,42.98966666666669
2026-05-17 01:00:00,ROAD_003,299,51.4,Low,26.7,23.5,Good,13.9,0.0,10.0,1,Weekend,52.52163333333331
2026-05-17 02:00:00,ROAD_001,557,39.7,Low,31.6,27.2,Moderate,16.6,0.0,8.2,2,Weekend,38.40724999999995
2026-05-17 02:00:00,ROAD_002,486,44.9,Low,35.5,18.2,Moderate,16.6,0.0,8.2,2,Weekend,43.49000000000004
2026-05-17 02:00:00,ROAD_003,320,53.4,Low,32.5,22.7,Moderate,16.6,0.0,8.2,2,Weekend,54.049
2026-05-17 03:00:00,ROAD_001,726,38.4,Low,45.0,39.0,Moderate,17.6,0.0,9.9,3,Weekend,37.604700000000015
2026-05-17 03:00:00,ROAD_002,534,36.2,Medium,30.0,27.6,Moderate,17.6,0.0,9.9,3,Weekend,35.995999999999974
2026-05-17 03:00:00,ROAD_003,478,50.4,Low,36.8,23.0,Moderate,17.6,0.0,9.9,3,Weekend,50.73700000000001
2026-05-17 04:00:00,ROAD_001,800,28.8,Medium,57.8,36.8,Moderate,16.4,0.0,8.1,4,Weekend,36.51849999999997
2026-05-17 04:00:00,ROAD_002,653,41.2,Low,38.2,28.4,Moderate,16.4,0.0,8.1,4,Weekend,36.92000000000002
2026-05-17 04:00:00,ROAD_003,494,49.5,Low,39.4,30.2,Moderate,16.4,0.0,8.1,4,Weekend,49.382000000000005
2026-05-17 05:00:00,ROAD_001,819,34.6,Medium,55.2,34.4,Moderate,21.8,0.0,9.0,5,Weekend,33.323999999999955
2026-05-17 05:00:00,ROAD_002,727,34.4,Medium,47.8,31.9,Moderate,21.8,0.0,9.0,5,Weekend,35.57400000000004
2026-05-17 05:00:00,ROAD_003,544,45.6,Low,34.1,30.5,Moderate,21.8,0.0,9.0,5,Weekend,47.85833333333333
2026-05-17 06:00:00,ROAD_001,793,27.5,Medium,58.8,31.6,Moderate,20.5,1.4,5.3,6,Weekend,30.313999999999982
2026-05-17 06:00:00,ROAD_002,716,28.6,Medium,46.7,32.4,Moderate,20.5,1.4,5.3,6,Weekend,31.631999999999962
2026-05-17 06:00:00,ROAD_003,513,47.8,Low,35.6,23.0,Moderate,20.5,1.4,5.3,6,Weekend,46.87100000000005
2026-05-17 07:00:00,ROAD_001,741,34.8,Medium,44.1,36.0,Moderate,22.8,0.0,8.8,7,Weekend,33.77300000000003
2026-05-17 07:00:00,ROAD_002,538,42.2,Low,38.2,33.3,Moderate,22.8,0.0,8.8,7,Weekend,41.056999999999974
2026-05-17 07:00:00,ROAD_003,458,48.9,Low,31.8,29.5,Moderate,22.8,0.0,8.8,7,Weekend,49.826933333333315
2026-05-17 08:00:00,ROAD_001,627,36.8,Medium,38.3,30.4,Moderate,25.3,0.0,8.4,8,Weekend,36.484000000000044
2026-05-17 08:00:00,ROAD_002,377,44.5,Low,31.1,13.6,Moderate,25.3,0.0,8.4,8,Weekend,38.95499999999998
2026-05-17 08:00:00,ROAD_003,341,51.6,Low,23.8,25.1,Good,25.3,0.0,8.4,8,Weekend,50.77400000000003
2026-05-17 09:00:00,ROAD_001,496,40.7,Low,24.3,25.3,Good,26.6,0.0,8.1,9,Weekend,42.1916666666667
2026-05-17 09:00:00,ROAD_002,372,39.4,Low,29.7,18.5,Good,26.6,0.0,8.1,9,Weekend,38.20826666666667
2026-05-17 09:00:00,ROAD_003,328,55.5,Low,33.2,20.9,Moderate,26.6,0.0,8.1,9,Weekend,53.95399999999999
2026-05-17 10:00:00,ROAD_001,472,43.6,Low,35.7,24.6,Moderate,27.8,0.0,8.1,10,Weekend,42.65480952380949
2026-05-17 10:00:00,ROAD_002,380,45.1,Low,25.0,27.6,Good,27.8,0.0,8.1,10,Weekend,43.32016666666664
2026-05-17 10:00:00,ROAD_003,255,52.1,Low,16.6,17.8,Good,27.8,0.0,8.1,10,Weekend,53.586100000000016
2026-05-17 11:00:00,ROAD_001,398,40.0,Low,34.9,27.2,Moderate,29.7,0.0,9.5,11,Weekend,40.400400000000005
2026-05-17 11:00:00,ROAD_002,303,41.9,Low,26.0,22.1,Good,29.7,0.0,9.5,11,Weekend,42.29100000000003
2026-05-17 11:00:00,ROAD_003,256,53.8,Low,13.4,13.8,Good,29.7,0.0,9.5,11,Weekend,54.46116666666668
2026-05-17 12:00:00,ROAD_001,416,34.9,Medium,39.6,28.7,Moderate,31.3,0.0,8.0,12,Weekend,38.230100000000014
2026-05-17 12:00:00,ROAD_002,328,45.0,Low,32.4,21.0,Moderate,31.3,0.0,8.0,12,Weekend,40.90050000000001
2026-05-17 12:00:00,ROAD_003,206,58.6,Low,31.3,12.4,Moderate,31.3,0.0,8.0,12,Weekend,56.407499999999956
2026-05-17 13:00:00,ROAD_001,454,41.0,Low,41.5,16.9,Moderate,28.5,0.0,8.9,13,Weekend,39.38500000000002
2026-05-17 13:00:00,ROAD_002,463,39.1,Low,38.4,28.7,Moderate,28.5,0.0,8.9,13,Weekend,40.18496666666664
2026-05-17 13:00:00,ROAD_003,349,52.9,Low,32.2,23.4,Moderate,28.5,0.0,8.9,13,Weekend,56.575999999999986
2026-05-17 14:00:00,ROAD_001,551,38.2,Low,35.9,26.1,Moderate,28.6,0.0,8.6,14,Weekend,37.28942380952378
2026-05-17 14:00:00,ROAD_002,571,40.7,Low,39.4,32.7,Moderate,28.6,0.0,8.6,14,Weekend,40.74501111111115
2026-05-17 14:00:00,ROAD_003,383,52.4,Low,34.4,21.7,Moderate,28.6,0.0,8.6,14,Weekend,52.07479999999999
2026-05-17 15:00:00,ROAD_001,744,27.7,Medium,45.1,32.9,Moderate,27.1,0.0,9.5,15,Weekend,30.24899999999997
2026-05-17 15:00:00,ROAD_002,575,40.6,Low,41.0,24.6,Moderate,27.1,0.0,9.5,15,Weekend,35.884125000000026
2026-05-17 15:00:00,ROAD_003,464,52.0,Low,34.8,23.7,Moderate,27.1,0.0,9.5,15,Weekend,51.833
2026-05-17 16:00:00,ROAD_001,826,36.7,Medium,49.3,38.9,Moderate,26.2,0.0,9.5,16,Weekend,35.26603333333328
2026-05-17 16:00:00,ROAD_002,672,36.4,Medium,47.4,29.8,Moderate,26.2,0.0,9.5,16,Weekend,36.322766666666695
2026-05-17 16:00:00,ROAD_003,564,43.4,Low,33.7,38.3,Moderate,26.2,0.0,9.5,16,Weekend,45.08666666666668
2026-05-17 17:00:00,ROAD_001,907,24.2,Medium,61.4,44.3,Poor,23.1,0.0,9.7,17,Weekend,28.108999999999966
2026-05-17 17:00:00,ROAD_002,765,30.5,Medium,56.7,33.8,Moderate,23.1,0.0,9.7,17,Weekend,29.400999999999982
2026-05-17 17:00:00,ROAD_003,602,47.4,Low,45.9,31.3,Moderate,23.1,0.0,9.7,17,Weekend,48.672999999999995
2026-05-17 18:00:00,ROAD_001,816,32.2,Medium,53.7,37.6,Moderate,22.0,0.0,9.0,18,Weekend,32.543999999999976
2026-05-17 18:00:00,ROAD_002,753,35.0,Medium,46.7,37.7,Moderate,22.0,0.0,9.0,18,Weekend,35.751
2026-05-17 18:00:00,ROAD_003,521,49.4,Low,32.4,28.2,Moderate,22.0,0.0,9.0,18,Weekend,49.015999999999984
2026-05-17 19:00:00,ROAD_001,799,30.1,Medium,51.0,34.8,Moderate,19.4,0.0,8.4,19,Weekend,32.13899999999998
2026-05-17 19:00:00,ROAD_002,611,33.4,Medium,46.7,39.5,Moderate,19.4,0.0,8.4,19,Weekend,33.46200000000004
2026-05-17 19:00:00,ROAD_003,446,54.4,Low,33.2,31.6,Moderate,19.4,0.0,8.4,19,Weekend,51.718999999999966
2026-05-17 20:00:00,ROAD_001,539,41.6,Low,40.4,30.9,Moderate,18.6,0.0,9.0,20,Weekend,39.64599999999998
2026-05-17 20:00:00,ROAD_002,486,37.2,Medium,42.7,28.3,Moderate,18.6,0.0,9.0,20,Weekend,38.19599999999994
2026-05-17 20:00:00,ROAD_003,342,54.9,Low,32.8,20.7,Moderate,18.6,0.0,9.0,20,Weekend,54.602999999999966
2026-05-17 21:00:00,ROAD_001,473,42.5,Low,36.7,21.0,Moderate,17.2,0.0,8.8,21,Weekend,42.741500000000016
2026-05-17 21:00:00,ROAD_002,407,40.3,Low,37.6,24.8,Moderate,17.2,0.0,8.8,21,Weekend,41.171250000000065
2026-05-17 21:00:00,ROAD_003,323,50.1,Low,28.4,25.2,Good,17.2,0.0,8.8,21,Weekend,51.28590000000001
2026-05-17 22:00:00,ROAD_001,354,39.1,Low,30.5,23.1,Moderate,13.4,0.0,9.0,22,Weekend,41.19587499999998
2026-05-17 22:00:00,ROAD_002,406,40.2,Low,33.0,19.2,Moderate,13.4,0.0,9.0,22,Weekend,40.69599999999994
2026-05-17 22:00:00,ROAD_003,285,55.3,Low,35.3,24.4,Moderate,13.4,0.0,9.0,22,Weekend,54.304366666666716
2026-05-17 23:00:00,ROAD_001,374,40.8,Low,32.9,22.6,Moderate,16.1,0.0,8.3,23,Weekend,41.05766666666671
2026-05-17 23:00:00,ROAD_002,338,45.4,Low,28.7,16.0,Good,16.1,0.0,8.3,23,Weekend,44.29300000000002
2026-05-17 23:00:00,ROAD_003,293,55.6,Low,26.6,22.4,Good,16.1,0.0,8.3,23,Weekend,54.97633333333333
2026-05-18 00:00:00,ROAD_001,162,45.4,Low,30.3,17.9,Moderate,14.1,0.0,9.6,0,Weekday,45.034000000000006
2026-05-18 00:00:00,ROAD_002,270,40.7,Low,32.5,23.5,Moderate,14.1,0.0,9.6,0,Weekday,43.75599999999996
2026-05-18 00:00:00,ROAD_003,92,57.2,Low,18.6,6.7,Good,14.1,0.0,9.6,0,Weekday,56.44899999999994
2026-05-18 01:00:00,ROAD_001,224,46.1,Low,26.3,17.8,Good,13.8,0.0,9.8,1,Weekday,45.692
2026-05-18 01:00:00,ROAD_002,171,48.4,Low,14.8,16.0,Good,13.8,0.0,9.8,1,Weekday,47.549
2026-05-18 01:00:00,ROAD_003,215,54.2,Low,21.0,20.4,Good,13.8,0.0,9.8,1,Weekday,55.053999999999945
2026-05-18 02:00:00,ROAD_001,241,37.8,Medium,31.7,26.7,Moderate,15.4,0.0,9.8,2,Weekday,39.17640000000004
2026-05-18 02:00:00,ROAD_002,251,34.2,Medium,28.6,16.9,Good,15.4,0.0,9.8,2,Weekday,38.432999999999986
2026-05-18 02:00:00,ROAD_003,116,58.0,Low,19.5,16.1,Good,15.4,0.0,9.8,2,Weekday,57.41349999999999
2026-05-18 03:00:00,ROAD_001,219,43.2,Low,16.3,12.2,Good,16.4,0.0,8.3,3,Weekday,46.62700000000002
2026-05-18 03:00:00,ROAD_002,193,50.3,Low,21.0,13.7,Good,16.4,0.0,8.3,3,Weekday,48.84700000000001
2026-05-18 03:00:00,ROAD_003,114,57.7,Low,26.0,22.0,Good,16.4,0.0,8.3,3,Weekday,54.69133333333335
2026-05-18 04:00:00,ROAD_001,233,44.0,Low,28.6,16.9,Good,19.8,0.0,9.4,4,Weekday,44.68933333333334
2026-05-18 04:00:00,ROAD_002,206,45.6,Low,21.3,16.9,Good,19.8,0.0,9.4,4,Weekday,45.404
2026-05-18 04:00:00,ROAD_003,89,59.8,Low,30.8,10.9,Moderate,19.8,0.0,9.4,4,Weekday,58.26702142857152
2026-05-18 05:00:00,ROAD_001,232,44.5,Low,24.1,15.5,Good,21.2,1.0,5.9,5,Weekday,43.346
2026-05-18 05:00:00,ROAD_002,248,43.8,Low,26.0,18.8,Good,21.2,1.0,5.9,5,Weekday,44.451000000000064
2026-05-18 05:00:00,ROAD_003,194,55.6,Low,20.3,18.2,Good,21.2,1.0,5.9,5,Weekday,54.60680000000005
2026-05-18 06:00:00,ROAD_001,421,46.4,Low,30.1,22.3,Moderate,20.2,0.0,8.1,6,Weekday,43.5398523809524
2026-05-18 06:00:00,ROAD_002,347,39.1,Low,19.6,21.2,Good,20.2,0.0,8.1,6,Weekday,40.44147500000001
2026-05-18 06:00:00,ROAD_003,298,53.6,Low,27.7,20.6,Good,20.2,0.0,8.1,6,Weekday,50.57395396825398
2026-05-18 07:00:00,ROAD_001,691,34.6,Medium,52.6,42.0,Moderate,23.3,0.0,9.8,7,Weekday,34.577258730158725
2026-05-18 07:00:00,ROAD_002,519,40.8,Low,53.8,29.3,Moderate,23.3,0.0,9.8,7,Weekday,38.750000000000036
2026-05-18 07:00:00,ROAD_003,459,50.3,Low,38.1,29.1,Moderate,23.3,0.0,9.8,7,Weekday,51.08100000000006
2026-05-18 08:00:00,ROAD_001,953,26.4,Medium,64.8,37.9,Poor,26.0,0.0,8.2,8,Weekday,27.17800000000003
2026-05-18 08:00:00,ROAD_002,788,30.5,Medium,53.3,36.3,Moderate,26.0,0.0,8.2,8,Weekday,33.219183333333326
2026-05-18 08:00:00,ROAD_003,616,49.7,Low,42.9,33.6,Moderate,26.0,0.0,8.2,8,Weekday,49.68949999999993
2026-05-18 09:00:00,ROAD_001,1084,26.5,Medium,66.9,47.6,Poor,27.1,0.0,8.6,9,Weekday,27.15600000000001
2026-05-18 09:00:00,ROAD_002,908,26.2,Medium,65.3,41.1,Poor,27.1,0.0,8.6,9,Weekday,27.818141269841252
2026-05-18 09:00:00,ROAD_003,747,41.9,Low,50.2,30.9,Moderate,27.1,0.0,8.6,9,Weekday,43.42620000000004
2026-05-18 10:00:00,ROAD_001,957,32.2,Medium,51.9,40.8,Moderate,30.4,0.0,8.4,10,Weekday,29.262208333333305
2026-05-18 10:00:00,ROAD_002,814,39.3,Low,50.9,40.9,Moderate,30.4,0.0,8.4,10,Weekday,36.39966666666672
2026-05-18 10:00:00,ROAD_003,632,52.7,Low,34.7,32.5,Moderate,30.4,0.0,8.4,10,Weekday,48.81437222222221
2026-05-18 11:00:00,ROAD_001,695,35.9,Medium,44.9,33.9,Moderate,29.6,0.0,8.9,11,Weekday,34.24420000000001
2026-05-18 11:00:00,ROAD_002,693,34.8,Medium,48.7,31.7,Moderate,29.6,0.0,8.9,11,Weekday,36.798600000000015
2026-05-18 11:00:00,ROAD_003,467,49.6,Low,34.0,33.6,Moderate,29.6,0.0,8.9,11,Weekday,51.955
2026-05-18 12:00:00,ROAD_001,349,41.6,Low,44.2,21.3,Moderate,31.4,0.0,9.1,12,Weekday,43.4304
2026-05-18 12:00:00,ROAD_002,412,45.7,Low,34.6,21.1,Moderate,31.4,0.0,9.1,12,Weekday,42.91484999999999
2026-05-18 12:00:00,ROAD_003,197,57.9,Low,19.8,17.6,Good,31.4,0.0,9.1,12,Weekday,56.8517
2026-05-18 13:00:00,ROAD_001,323,44.1,Low,24.0,26.1,Good,28.4,0.0,8.9,13,Weekday,45.45416666666671
2026-05-18 13:00:00,ROAD_002,244,39.9,Low,25.4,18.7,Good,28.4,0.0,8.9,13,Weekday,44.08583333333329
2026-05-18 13:00:00,ROAD_003,221,59.5,Low,23.8,17.3,Good,28.4,0.0,8.9,13,Weekday,56.19520000000002
2026-05-18 14:00:00,ROAD_001,285,46.5,Low,28.7,18.3,Good,30.5,0.0,8.3,14,Weekday,47.225866666666654
2026-05-18 14:00:00,ROAD_002,198,50.2,Low,17.8,14.6,Good,30.5,0.0,8.3,14,Weekday,47.842549999999946
2026-05-18 14:00:00,ROAD_003,234,51.5,Low,18.1,9.7,Good,30.5,0.0,8.3,14,Weekday,52.46693333333333
2026-05-18 15:00:00,ROAD_001,587,34.8,Medium,36.8,28.3,Moderate,29.0,0.0,8.5,15,Weekday,37.27995714285712
2026-05-18 15:00:00,ROAD_002,401,40.2,Low,36.1,20.1,Moderate,29.0,0.0,8.5,15,Weekday,45.316333333333276
2026-05-18 15:00:00,ROAD_003,258,49.2,Low,15.5,17.0,Good,29.0,0.0,8.5,15,Weekday,54.584
2026-05-18 16:00:00,ROAD_001,796,37.1,Medium,49.1,30.7,Moderate,25.2,0.0,8.2,16,Weekday,35.34316666666663
2026-05-18 16:00:00,ROAD_002,599,35.7,Medium,38.7,28.2,Moderate,25.2,0.0,8.2,16,Weekday,37.08399999999995
2026-05-18 16:00:00,ROAD_003,471,49.0,Low,33.0,27.3,Moderate,25.2,0.0,8.2,16,Weekday,49.24799999999999
2026-05-18 17:00:00,ROAD_001,1108,24.0,Medium,56.8,50.3,Moderate,24.6,0.0,8.3,17,Weekday,26.94295238095239
2026-05-18 17:00:00,ROAD_002,849,33.3,Medium,41.2,45.3,Moderate,24.6,0.0,8.3,17,Weekday,31.665114285714296
2026-05-18 17:00:00,ROAD_003,732,40.2,Low,40.5,42.3,Moderate,24.6,0.0,8.3,17,Weekday,42.67802142857144
2026-05-18 18:00:00,ROAD_001,1109,25.8,Medium,63.8,51.7,Poor,21.0,0.0,8.5,18,Weekday,25.787666666666674
2026-05-18 18:00:00,ROAD_002,944,25.8,Medium,59.7,47.1,Moderate,21.0,0.0,8.5,18,Weekday,27.71225000000001
2026-05-18 18:00:00,ROAD_003,737,47.9,Low,48.4,40.2,Moderate,21.0,0.0,8.5,18,Weekday,46.653999999999996
2026-05-18 19:00:00,ROAD_001,1051,31.3,Medium,57.8,45.2,Moderate,19.9,0.0,8.8,19,Weekday,28.880000000000024
2026-05-18 19:00:00,ROAD_002,874,23.1,Medium,62.7,37.0,Poor,19.9,0.0,8.8,19,Weekday,25.392666666666642
2026-05-18 19:00:00,ROAD_003,725,44.6,Low,53.9,37.0,Moderate,19.9,0.0,8.8,19,Weekday,44.413999999999966
2026-05-18 20:00:00,ROAD_001,778,28.2,Medium,53.2,32.8,Moderate,17.6,0.0,8.2,20,Weekday,36.34275000000001
2026-05-18 20:00:00,ROAD_002,671,36.5,Medium,48.4,33.8,Moderate,17.6,0.0,8.2,20,Weekday,36.268999999999984
2026-05-18 20:00:00,ROAD_003,427,48.5,Low,37.6,25.6,Moderate,17.6,0.0,8.2,20,Weekday,51.501000000000005
2026-05-18 21:00:00,ROAD_001,514,40.5,Low,33.3,24.8,Moderate,18.3,0.0,9.7,21,Weekday,38.64720000000002
2026-05-18 21:00:00,ROAD_002,393,34.9,Medium,41.1,25.5,Moderate,18.3,0.0,9.7,21,Weekday,36.173850000000016
2026-05-18 21:00:00,ROAD_003,360,47.8,Low,37.4,31.5,Moderate,18.3,0.0,9.7,21,Weekday,51.99989999999999
2026-05-18 22:00:00,ROAD_001,314,38.8,Low,31.6,24.3,Moderate,14.1,0.0,9.3,22,Weekday,40.273999999999965
2026-05-18 22:00:00,ROAD_002,237,48.6,Low,17.3,12.3,Good,14.1,0.0,9.3,22,Weekday,47.80500000000001
2026-05-18 22:00:00,ROAD_003,214,55.6,Low,21.0,20.7,Good,14.1,0.0,9.3,22,Weekday,55.34399999999999
2026-05-18 23:00:00,ROAD_001,252,46.6,Low,24.1,27.0,Good,15.1,0.0,9.7,23,Weekday,43.02780000000001
2026-05-18 23:00:00,ROAD_002,182,52.5,Low,23.4,10.9,Good,15.1,0.0,9.7,23,Weekday,49.238000000000014
2026-05-18 23:00:00,ROAD_003,226,55.7,Low,29.4,22.8,Good,15.1,0.0,9.7,23,Weekday,55.712999999999944
2026-05-19 00:00:00,ROAD_001,279,44.2,Low,31.0,11.2,Moderate,14.9,0.0,8.2,0,Weekday,44.78933333333328
2026-05-19 00:00:00,ROAD_002,217,43.6,Low,33.0,20.1,Moderate,14.9,0.0,8.2,0,Weekday,44.512666666666654
2026-05-19 00:00:00,ROAD_003,169,57.9,Low,17.6,22.4,Good,14.9,0.0,8.2,0,Weekday,58.65183333333335
2026-05-19 01:00:00,ROAD_001,319,44.5,Low,37.3,18.9,Moderate,12.8,0.0,8.0,1,Weekday,45.584999999999994
2026-05-19 01:00:00,ROAD_002,168,46.6,Low,24.7,14.3,Good,12.8,0.0,8.0,1,Weekday,47.032999999999966
2026-05-19 01:00:00,ROAD_003,181,57.1,Low,18.2,18.4,Good,12.8,0.0,8.0,1,Weekday,57.87100000000005
2026-05-19 02:00:00,ROAD_001,286,40.4,Low,30.2,15.3,Moderate,16.7,0.0,9.2,2,Weekday,44.043361904761916
2026-05-19 02:00:00,ROAD_002,155,44.9,Low,17.3,13.2,Good,16.7,0.0,9.2,2,Weekday,47.2435
2026-05-19 02:00:00,ROAD_003,151,59.4,Low,20.2,8.9,Good,16.7,0.0,9.2,2,Weekday,58.50709999999998
2026-05-19 03:00:00,ROAD_001,240,46.3,Low,26.8,22.8,Good,17.3,0.0,8.6,3,Weekday,45.829600000000084
2026-05-19 03:00:00,ROAD_002,221,42.8,Low,35.8,18.5,Moderate,17.3,0.0,8.6,3,Weekday,43.80561666666672
2026-05-19 03:00:00,ROAD_003,155,59.7,Low,23.2,17.0,Good,17.3,0.0,8.6,3,Weekday,52.32200000000002
2026-05-19 04:00:00,ROAD_001,242,45.3,Low,31.2,12.4,Moderate,18.4,0.0,9.0,4,Weekday,45.95252380952384
2026-05-19 04:00:00,ROAD_002,134,45.4,Low,12.9,13.0,Good,18.4,0.0,9.0,4,Weekday,48.66366666666666
2026-05-19 04:00:00,ROAD_003,190,53.4,Low,16.4,16.9,Good,18.4,0.0,9.0,4,Weekday,55.41480000000001
2026-05-19 05:00:00,ROAD_001,328,45.4,Low,33.9,25.4,Moderate,18.2,0.0,9.2,5,Weekday,44.82033333333334
2026-05-19 05:00:00,ROAD_002,242,51.1,Low,24.1,18.9,Good,18.2,0.0,9.2,5,Weekday,49.75533333333334
2026-05-19 05:00:00,ROAD_003,255,56.4,Low,15.3,18.9,Good,18.2,0.0,9.2,5,Weekday,54.68350000000002
2026-05-19 06:00:00,ROAD_001,424,43.7,Low,35.8,30.8,Moderate,22.8,0.0,9.3,6,Weekday,43.065933333333284
2026-05-19 06:00:00,ROAD_002,368,45.4,Low,44.8,25.3,Moderate,22.8,0.0,9.3,6,Weekday,44.30383333333335
2026-05-19 06:00:00,ROAD_003,294,56.0,Low,26.4,29.8,Good,22.8,0.0,9.3,6,Weekday,54.723516666666654
2026-05-19 07:00:00,ROAD_001,637,33.4,Medium,42.0,34.4,Moderate,25.1,0.0,9.5,7,Weekday,34.613900000000044
2026-05-19 07:00:00,ROAD_002,595,38.0,Low,37.6,37.8,Moderate,25.1,0.0,9.5,7,Weekday,37.8181666666667
2026-05-19 07:00:00,ROAD_003,412,55.3,Low,37.2,29.5,Moderate,25.1,0.0,9.5,7,Weekday,54.18781428571437
2026-05-19 08:00:00,ROAD_001,1017,29.8,Medium,66.9,46.1,Poor,24.1,0.0,8.1,8,Weekday,32.027335714285734
2026-05-19 08:00:00,ROAD_002,792,32.5,Medium,49.1,31.5,Moderate,24.1,0.0,8.1,8,Weekday,31.97985714285716
2026-05-19 08:00:00,ROAD_003,647,46.4,Low,47.8,33.0,Moderate,24.1,0.0,8.1,8,Weekday,43.41160793650794
2026-05-19 09:00:00,ROAD_001,1073,25.0,Medium,63.6,50.5,Poor,28.6,0.0,8.0,9,Weekday,27.76046666666666
2026-05-19 09:00:00,ROAD_002,854,32.5,Medium,54.6,37.0,Moderate,28.6,0.0,8.0,9,Weekday,32.209300000000006
2026-05-19 09:00:00,ROAD_003,696,46.2,Low,40.7,35.8,Moderate,28.6,0.0,8.0,9,Weekday,45.861116666666646
2026-05-19 10:00:00,ROAD_001,1049,25.6,Medium,64.9,43.8,Poor,28.1,0.0,9.5,10,Weekday,27.838050000000006
2026-05-19 10:00:00,ROAD_002,838,28.7,Medium,55.1,35.8,Moderate,28.1,0.0,9.5,10,Weekday,31.144650000000006
2026-05-19 10:00:00,ROAD_003,628,43.8,Low,47.4,28.6,Moderate,28.1,0.0,9.5,10,Weekday,45.12033333333335
2026-05-19 11:00:00,ROAD_001,678,36.3,Medium,41.7,34.6,Moderate,31.3,0.0,8.5,11,Weekday,36.45600000000004
2026-05-19 11:00:00,ROAD_002,630,34.5,Medium,49.2,38.0,Moderate,31.3,0.0,8.5,11,Weekday,35.525999999999996
2026-05-19 11:00:00,ROAD_003,422,46.8,Low,35.5,22.6,Moderate,31.3,0.0,8.5,11,Weekday,55.64599999999995
2026-05-19 12:00:00,ROAD_001,409,38.0,Low,38.9,22.0,Moderate,30.8,0.0,9.0,12,Weekday,39.61159999999999
2026-05-19 12:00:00,ROAD_002,370,45.2,Low,29.2,22.8,Good,30.8,0.0,9.0,12,Weekday,40.549600000000005
2026-05-19 12:00:00,ROAD_003,294,55.9,Low,31.2,19.4,Moderate,30.8,0.0,9.0,12,Weekday,54.30323333333327
2026-05-19 13:00:00,ROAD_001,263,45.3,Low,36.3,15.7,Moderate,30.1,0.0,8.0,13,Weekday,44.51300000000005
2026-05-19 13:00:00,ROAD_002,237,42.5,Low,29.3,20.1,Good,30.1,0.0,8.0,13,Weekday,43.29900000000001
2026-05-19 13:00:00,ROAD_003,208,52.9,Low,24.8,11.0,Good,30.1,0.0,8.0,13,Weekday,57.27328333333331
2026-05-19 14:00:00,ROAD_001,335,45.6,Low,23.8,15.6,Good,30.7,0.0,8.5,14,Weekday,44.72186666666665
2026-05-19 14:00:00,ROAD_002,337,41.1,Low,35.8,21.2,Moderate,30.7,0.0,8.5,14,Weekday,43.02749999999996
2026-05-19 14:00:00,ROAD_003,213,56.9,Low,20.2,18.0,Good,30.7,0.0,8.5,14,Weekday,53.28376666666667
2026-05-19 15:00:00,ROAD_001,483,39.1,Low,35.9,22.1,Moderate,27.3,0.0,8.4,15,Weekday,39.280333333333274
2026-05-19 15:00:00,ROAD_002,455,43.2,Low,40.3,24.7,Moderate,27.3,0.0,8.4,15,Weekday,42.40266666666669
2026-05-19 15:00:00,ROAD_003,244,60.8,Low,25.7,15.5,Good,27.3,0.0,8.4,15,Weekday,57.99294444444453
2026-05-19 16:00:00,ROAD_001,745,38.3,Low,53.9,31.8,Moderate,26.5,0.0,9.6,16,Weekday,36.550357142857195
2026-05-19 16:00:00,ROAD_002,595,40.5,Low,28.2,30.2,Moderate,26.5,0.0,9.6,16,Weekday,39.85633333333334
2026-05-19 16:00:00,ROAD_003,440,49.4,Low,33.3,24.0,Moderate,26.5,0.0,9.6,16,Weekday,49.82326666666667
2026-05-19 17:00:00,ROAD_001,1035,25.1,Medium,73.0,53.7,Poor,22.9,0.0,8.1,17,Weekday,27.770333333333337
2026-05-19 17:00:00,ROAD_002,835,37.4,Medium,50.6,39.7,Moderate,22.9,0.0,8.1,17,Weekday,35.59300000000004
2026-05-19 17:00:00,ROAD_003,702,43.4,Low,51.5,35.1,Moderate,22.9,0.0,8.1,17,Weekday,44.99549523809525
2026-05-19 18:00:00,ROAD_001,1180,21.5,Heavy,63.6,44.7,Poor,23.3,0.0,8.2,18,Weekday,25.47919999999999
2026-05-19 18:00:00,ROAD_002,1000,25.6,Medium,58.7,50.5,Moderate,23.3,0.0,8.2,18,Weekday,30.922066666666634
2026-05-19 18:00:00,ROAD_003,847,42.3,Low,52.7,47.2,Moderate,23.3,0.0,8.2,18,Weekday,41.81623333333335
2026-05-19 19:00:00,ROAD_001,1001,30.3,Medium,64.2,42.5,Poor,21.5,0.0,8.5,19,Weekday,28.135866666666672
2026-05-19 19:00:00,ROAD_002,893,30.3,Medium,54.3,31.3,Moderate,21.5,0.0,8.5,19,Weekday,30.625809523809558
2026-05-19 19:00:00,ROAD_003,696,48.4,Low,43.2,34.6,Moderate,21.5,0.0,8.5,19,Weekday,47.02066666666669
2026-05-19 20:00:00,ROAD_001,715,36.2,Medium,46.1,31.3,Moderate,17.0,0.0,8.0,20,Weekday,36.16499999999994
2026-05-19 20:00:00,ROAD_002,675,38.7,Low,42.4,35.6,Moderate,17.0,0.0,8.0,20,Weekday,38.0776666666666
2026-05-19 20:00:00,ROAD_003,518,51.1,Low,29.8,32.2,Moderate,17.0,0.0,8.0,20,Weekday,50.617000000000004
2026-05-19 21:00:00,ROAD_001,572,39.0,Low,38.8,21.2,Moderate,14.8,0.0,8.5,21,Weekday,39.58099999999999
2026-05-19 21:00:00,ROAD_002,445,36.7,Medium,30.0,24.2,Moderate,14.8,0.0,8.5,21,Weekday,38.65026666666664
2026-05-19 21:00:00,ROAD_003,368,54.7,Low,30.8,24.1,Moderate,14.8,0.0,8.5,21,Weekday,53.39320000000001
2026-05-19 22:00:00,ROAD_001,290,44.4,Low,28.4,24.0,Good,13.3,0.0,9.9,22,Weekday,41.32000000000003
2026-05-19 22:00:00,ROAD_002,300,45.2,Low,26.7,23.5,Good,13.3,0.0,9.9,22,Weekday,46.872999999999976
2026-05-19 22:00:00,ROAD_003,205,52.5,Low,22.2,17.5,Good,13.3,0.0,9.9,22,Weekday,53.838999999999984
2026-05-19 23:00:00,ROAD_001,293,43.3,Low,22.1,20.5,Good,12.4,0.0,8.5,23,Weekday,43.65200000000007
2026-05-19 23:00:00,ROAD_002,219,46.0,Low,29.5,21.7,Good,12.4,0.0,8.5,23,Weekday,45.61299999999999
2026-05-19 23:00:00,ROAD_003,147,55.1,Low,16.4,17.9,Good,12.4,0.0,8.5,23,Weekday,56.20100000000002
2026-05-20 00:00:00,ROAD_001,230,49.6,Low,27.9,19.8,Good,15.1,0.0,8.9,0,Weekday,47.69903333333334
2026-05-20 00:00:00,ROAD_002,152,48.9,Low,17.2,10.8,Good,15.1,0.0,8.9,0,Weekday,47.102516666666645
2026-05-20 00:00:00,ROAD_003,146,55.2,Low,20.5,9.3,Good,15.1,0.0,8.9,0,Weekday,55.70644761904756
2026-05-20 01:00:00,ROAD_001,278,47.6,Low,17.8,23.6,Good,12.7,0.0,9.8,1,Weekday,47.16400000000001
2026-05-20 01:00:00,ROAD_002,167,49.1,Low,22.2,16.0,Good,12.7,0.0,9.8,1,Weekday,48.04299999999998
2026-05-20 01:00:00,ROAD_003,152,60.5,Low,15.6,17.8,Good,12.7,0.0,9.8,1,Weekday,58.416
2026-05-20 02:00:00,ROAD_001,333,41.5,Low,34.8,21.2,Moderate,16.2,0.0,9.4,2,Weekday,43.074000000000005
2026-05-20 02:00:00,ROAD_002,249,44.8,Low,24.3,23.9,Good,16.2,0.0,9.4,2,Weekday,45.89700000000004
2026-05-20 02:00:00,ROAD_003,140,52.8,Low,18.7,17.4,Good,16.2,0.0,9.4,2,Weekday,52.668000000000056
2026-05-20 03:00:00,ROAD_001,295,39.8,Low,26.1,19.2,Good,17.6,0.0,9.0,3,Weekday,41.23773333333339
2026-05-20 03:00:00,ROAD_002,197,46.1,Low,27.3,15.1,Good,17.6,0.0,9.0,3,Weekday,44.936473809523804
2026-05-20 03:00:00,ROAD_003,167,56.4,Low,17.9,15.4,Good,17.6,0.0,9.0,3,Weekday,56.450999999999986
2026-05-20 04:00:00,ROAD_001,249,44.3,Low,26.4,19.0,Good,16.1,0.0,9.4,4,Weekday,45.56200000000006
2026-05-20 04:00:00,ROAD_002,195,49.8,Low,17.9,13.9,Good,16.1,0.0,9.4,4,Weekday,47.888000000000076
2026-05-20 04:00:00,ROAD_003,281,51.0,Low,20.9,22.8,Good,16.1,0.0,9.4,4,Weekday,52.17100000000001
2026-05-20 05:00:00,ROAD_001,221,44.2,Low,35.1,11.2,Moderate,18.0,0.3,6.9,5,Weekday,43.80099999999995
2026-05-20 05:00:00,ROAD_002,174,41.4,Low,26.7,20.2,Good,18.0,0.3,6.9,5,Weekday,43.812000000000005
2026-05-20 05:00:00,ROAD_003,182,57.8,Low,29.5,23.2,Good,18.0,0.3,6.9,5,Weekday,56.97000000000009
2026-05-20 06:00:00,ROAD_001,424,39.8,Low,35.7,22.1,Moderate,21.3,0.0,9.0,6,Weekday,39.99950000000002
2026-05-20 06:00:00,ROAD_002,381,42.5,Low,42.6,17.8,Moderate,21.3,0.0,9.0,6,Weekday,42.59625
2026-05-20 06:00:00,ROAD_003,293,55.2,Low,26.9,14.9,Good,21.3,0.0,9.0,6,Weekday,53.256999999999955
2026-05-20 07:00:00,ROAD_001,662,35.8,Medium,47.0,38.2,Moderate,26.0,0.0,9.6,7,Weekday,35.66390000000004
2026-05-20 07:00:00,ROAD_002,568,33.9,Medium,44.8,32.9,Moderate,26.0,0.0,9.6,7,Weekday,35.580266666666695
2026-05-20 07:00:00,ROAD_003,377,52.1,Low,24.0,20.5,Good,26.0,0.0,9.6,7,Weekday,51.81306666666671
2026-05-20 08:00:00,ROAD_001,882,32.4,Medium,50.3,42.1,Moderate,24.7,0.0,8.5,8,Weekday,30.57456666666668
2026-05-20 08:00:00,ROAD_002,744,37.3,Medium,52.2,33.2,Moderate,24.7,0.0,8.5,8,Weekday,30.062399999999975
2026-05-20 08:00:00,ROAD_003,651,46.7,Low,51.7,28.7,Moderate,24.7,0.0,8.5,8,Weekday,45.851326190476165
2026-05-20 09:00:00,ROAD_001,1081,29.1,Medium,60.4,46.4,Poor,27.2,0.0,8.1,9,Weekday,28.35999999999997
2026-05-20 09:00:00,ROAD_002,938,34.5,Medium,59.7,42.3,Moderate,27.2,0.0,8.1,9,Weekday,32.34666666666665
2026-05-20 09:00:00,ROAD_003,710,46.9,Low,48.1,28.3,Moderate,27.2,0.0,8.1,9,Weekday,45.81800000000002
2026-05-20 10:00:00,ROAD_001,978,27.0,Medium,51.9,37.6,Moderate,27.3,0.0,9.6,10,Weekday,27.80325
2026-05-20 10:00:00,ROAD_002,787,30.6,Medium,38.8,36.1,Moderate,27.3,0.0,9.6,10,Weekday,31.69099999999997
2026-05-20 10:00:00,ROAD_003,617,46.7,Low,39.6,38.9,Moderate,27.3,0.0,9.6,10,Weekday,46.244666666666596
2026-05-20 11:00:00,ROAD_001,680,40.1,Low,50.4,28.2,Moderate,31.0,0.0,8.4,11,Weekday,38.78899999999995
2026-05-20 11:00:00,ROAD_002,530,36.6,Medium,36.7,26.2,Moderate,31.0,0.0,8.4,11,Weekday,37.372999999999955
2026-05-20 11:00:00,ROAD_003,456,52.7,Low,40.0,24.7,Moderate,31.0,0.0,8.4,11,Weekday,53.62559999999992
2026-05-20 12:00:00,ROAD_001,421,37.5,Medium,39.6,20.0,Moderate,29.3,0.0,8.8,12,Weekday,37.919000000000004
2026-05-20 12:00:00,ROAD_002,393,36.8,Medium,36.0,23.2,Moderate,29.3,0.0,8.8,12,Weekday,38.960000000000065
2026-05-20 12:00:00,ROAD_003,355,49.2,Low,28.2,20.9,Good,29.3,0.0,8.8,12,Weekday,51.726999999999926
2026-05-20 13:00:00,ROAD_001,309,42.5,Low,18.5,24.8,Good,28.9,0.0,8.1,13,Weekday,43.75900000000001
2026-05-20 13:00:00,ROAD_002,383,42.9,Low,26.6,19.3,Good,28.9,0.0,8.1,13,Weekday,43.25670000000003
2026-05-20 13:00:00,ROAD_003,239,56.2,Low,24.3,21.4,Good,28.9,0.0,8.1,13,Weekday,56.413933333333254
2026-05-20 14:00:00,ROAD_001,339,39.9,Low,23.1,22.4,Good,28.4,0.0,9.1,14,Weekday,42.074500000000036
2026-05-20 14:00:00,ROAD_002,330,42.4,Low,25.6,22.3,Good,28.4,0.0,9.1,14,Weekday,42.503000000000014
2026-05-20 14:00:00,ROAD_003,292,55.2,Low,30.8,25.1,Moderate,28.4,0.0,9.1,14,Weekday,54.22539999999997
2026-05-20 15:00:00,ROAD_001,400,38.9,Low,27.5,26.6,Good,28.5,0.0,8.3,15,Weekday,40.771200000000036
2026-05-20 15:00:00,ROAD_002,423,41.7,Low,27.7,32.0,Moderate,28.5,0.0,8.3,15,Weekday,42.71100000000002
2026-05-20 15:00:00,ROAD_003,296,55.6,Low,28.6,21.2,Good,28.5,0.0,8.3,15,Weekday,54.61900000000002
2026-05-20 16:00:00,ROAD_001,769,31.9,Medium,56.1,30.6,Moderate,24.3,0.0,9.6,16,Weekday,33.309271428571456
2026-05-20 16:00:00,ROAD_002,580,41.8,Low,44.1,40.5,Moderate,24.3,0.0,9.6,16,Weekday,40.06933333333336
2026-05-20 16:00:00,ROAD_003,500,54.7,Low,28.2,21.8,Good,24.3,0.0,9.6,16,Weekday,50.994666666666625
2026-05-20 17:00:00,ROAD_001,1093,22.0,Medium,63.2,52.9,Poor,23.4,0.0,8.1,17,Weekday,26.51768571428572
2026-05-20 17:00:00,ROAD_002,901,31.3,Medium,53.3,42.3,Moderate,23.4,0.0,8.1,17,Weekday,35.269666666666694
2026-05-20 17:00:00,ROAD_003,728,42.9,Low,49.6,39.8,Moderate,23.4,0.0,8.1,17,Weekday,42.948309523809556
2026-05-20 18:00:00,ROAD_001,1219,26.3,Medium,74.2,48.6,Poor,20.1,0.0,9.3,18,Weekday,26.779000000000018
2026-05-20 18:00:00,ROAD_002,978,28.1,Medium,54.5,37.0,Moderate,20.1,0.0,9.3,18,Weekday,28.317999999999973
2026-05-20 18:00:00,ROAD_003,669,49.6,Low,37.3,39.7,Moderate,20.1,0.0,9.3,18,Weekday,48.216
2026-05-20 19:00:00,ROAD_001,1082,28.7,Medium,58.2,47.8,Moderate,21.4,0.0,8.6,19,Weekday,25.340733333333322
2026-05-20 19:00:00,ROAD_002,842,34.4,Medium,49.3,39.1,Moderate,21.4,0.0,8.6,19,Weekday,31.691969047619054
2026-05-20 19:00:00,ROAD_003,699,45.8,Low,54.8,33.5,Moderate,21.4,0.0,8.6,19,Weekday,44.202100000000044
2026-05-20 20:00:00,ROAD_001,802,32.3,Medium,54.6,37.8,Moderate,19.2,0.0,9.2,20,Weekday,34.24049999999997
2026-05-20 20:00:00,ROAD_002,502,36.3,Medium,40.5,29.6,Moderate,19.2,0.0,9.2,20,Weekday,36.920100000000055
2026-05-20 20:00:00,ROAD_003,445,51.4,Low,37.5,25.4,Moderate,19.2,0.0,9.2,20,Weekday,45.69699999999998
2026-05-20 21:00:00,ROAD_001,466,38.8,Low,41.2,28.2,Moderate,17.6,0.0,9.5,21,Weekday,41.54374999999998
2026-05-20 21:00:00,ROAD_002,334,43.7,Low,24.3,17.8,Good,17.6,0.0,9.5,21,Weekday,43.37033333333327
2026-05-20 21:00:00,ROAD_003,285,54.2,Low,29.7,18.3,Good,17.6,0.0,9.5,21,Weekday,54.50899999999994
2026-05-20 22:00:00,ROAD_001,356,34.0,Medium,29.5,28.6,Good,14.0,0.0,8.3,22,Weekday,36.44699999999999
2026-05-20 22:00:00,ROAD_002,282,47.9,Low,17.5,14.9,Good,14.0,0.0,8.3,22,Weekday,47.74600000000002
2026-05-20 22:00:00,ROAD_003,230,59.9,Low,19.6,16.5,Good,14.0,0.0,8.3,22,Weekday,55.268999999999984
2026-05-20 23:00:00,ROAD_001,278,36.2,Medium,30.0,15.7,Moderate,14.6,0.0,8.5,23,Weekday,41.089
2026-05-20 23:00:00,ROAD_002,196,47.9,Low,26.1,16.8,Good,14.6,0.0,8.5,23,Weekday,46.44190000000003
2026-05-20 23:00:00,ROAD_003,210,50.5,Low,25.5,14.2,Good,14.6,0.0,8.5,23,Weekday,53.86177142857141
2026-05-21 00:00:00,ROAD_001,267,46.1,Low,19.3,27.2,Good,14.9,0.8,5.8,0,Weekday,45.35499999999999
2026-05-21 00:00:00,ROAD_002,230,44.0,Low,29.2,26.6,Good,14.9,0.8,5.8,0,Weekday,44.12000000000001
2026-05-21 00:00:00,ROAD_003,102,56.0,Low,6.1,13.4,Good,14.9,0.8,5.8,0,Weekday,56.483666666666615
2026-05-21 01:00:00,ROAD_001,196,42.3,Low,27.2,16.0,Good,13.7,2.1,5.9,1,Weekday,41.57400000000005
2026-05-21 01:00:00,ROAD_002,209,39.1,Low,16.1,11.8,Good,13.7,2.1,5.9,1,Weekday,40.264999999999965
2026-05-21 01:00:00,ROAD_003,131,53.1,Low,15.3,10.7,Good,13.7,2.1,5.9,1,Weekday,53.76000000000002
2026-05-21 02:00:00,ROAD_001,224,41.3,Low,14.4,21.9,Good,16.5,2.6,2.3,2,Weekday,40.90100000000001
2026-05-21 02:00:00,ROAD_002,166,40.6,Low,12.4,19.9,Good,16.5,2.6,2.3,2,Weekday,41.07399999999996
2026-05-21 02:00:00,ROAD_003,182,49.5,Low,23.5,14.1,Good,16.5,2.6,2.3,2,Weekday,50.40100000000001
2026-05-21 03:00:00,ROAD_001,256,41.3,Low,28.0,17.5,Good,17.0,0.9,5.1,3,Weekday,42.85400000000005
2026-05-21 03:00:00,ROAD_002,217,41.3,Low,25.3,16.0,Good,17.0,0.9,5.1,3,Weekday,42.420000000000044
2026-05-21 03:00:00,ROAD_003,171,54.8,Low,19.5,16.8,Good,17.0,0.9,5.1,3,Weekday,53.53299999999999
2026-05-21 04:00:00,ROAD_001,289,30.9,Medium,17.8,12.5,Good,17.0,3.3,6.0,4,Weekday,34.77100000000003
2026-05-21 04:00:00,ROAD_002,162,41.0,Low,17.6,14.5,Good,17.0,3.3,6.0,4,Weekday,38.629
2026-05-21 04:00:00,ROAD_003,179,49.3,Low,18.3,12.8,Good,17.0,3.3,6.0,4,Weekday,50.42400000000007
2026-05-21 05:00:00,ROAD_001,311,43.7,Low,26.7,21.0,Good,21.6,0.5,3.0,5,Weekday,43.776426190476215
2026-05-21 05:00:00,ROAD_002,191,45.5,Low,25.0,14.1,Good,21.6,0.5,3.0,5,Weekday,43.99014999999999
2026-05-21 05:00:00,ROAD_003,199,51.8,Low,16.7,17.2,Good,21.6,0.5,3.0,5,Weekday,55.05061666666663
2026-05-21 06:00:00,ROAD_001,457,36.0,Medium,31.2,25.9,Moderate,21.2,1.6,3.7,6,Weekday,37.264500000000005
2026-05-21 06:00:00,ROAD_002,386,36.3,Medium,34.2,26.1,Moderate,21.2,1.6,3.7,6,Weekday,39.49599999999999
2026-05-21 06:00:00,ROAD_003,247,50.0,Low,28.9,16.1,Good,21.2,1.6,3.7,6,Weekday,48.39799999999997
2026-05-21 07:00:00,ROAD_001,731,24.4,Medium,43.5,31.5,Moderate,22.7,2.1,3.7,7,Weekday,27.79500000000003
2026-05-21 07:00:00,ROAD_002,596,37.6,Medium,41.3,29.3,Moderate,22.7,2.1,3.7,7,Weekday,33.821999999999974
2026-05-21 07:00:00,ROAD_003,456,46.3,Low,32.4,29.3,Moderate,22.7,2.1,3.7,7,Weekday,46.574000000000034
2026-05-21 08:00:00,ROAD_001,997,19.7,Heavy,56.2,40.9,Moderate,27.6,6.2,2.5,8,Weekday,20.108000000000008
2026-05-21 08:00:00,ROAD_002,819,26.9,Medium,41.1,21.3,Moderate,27.6,6.2,2.5,8,Weekday,21.461000000000002
2026-05-21 08:00:00,ROAD_003,617,41.4,Low,26.3,23.3,Good,27.6,6.2,2.5,8,Weekday,40.88200000000002
2026-05-21 09:00:00,ROAD_001,1011,10.0,Heavy,30.3,29.5,Moderate,28.2,13.9,2.4,9,Weekday,12.383999999999999
2026-05-21 09:00:00,ROAD_002,956,10.7,Heavy,28.3,28.3,Good,28.2,13.9,2.4,9,Weekday,14.910999999999996
2026-05-21 09:00:00,ROAD_003,731,26.1,Medium,19.9,23.0,Good,28.2,13.9,2.4,9,Weekday,28.132999999999992
2026-05-21 10:00:00,ROAD_001,887,16.8,Heavy,29.1,24.3,Good,30.5,9.0,5.7,10,Weekday,16.663999999999984
2026-05-21 10:00:00,ROAD_002,756,18.0,Heavy,26.2,27.7,Good,30.5,9.0,5.7,10,Weekday,18.354999999999997
2026-05-21 10:00:00,ROAD_003,616,33.1,Medium,29.2,17.7,Good,30.5,9.0,5.7,10,Weekday,32.29099999999996
2026-05-21 11:00:00,ROAD_001,726,14.4,Heavy,21.1,25.6,Good,29.6,13.5,2.9,11,Weekday,15.051000000000014
2026-05-21 11:00:00,ROAD_002,605,18.5,Heavy,15.2,14.9,Good,29.6,13.5,2.9,11,Weekday,17.965000000000003
2026-05-21 11:00:00,ROAD_003,465,31.3,Medium,17.5,20.0,Good,29.6,13.5,2.9,11,Weekday,29.851999999999986
2026-05-21 12:00:00,ROAD_001,508,27.8,Medium,24.7,20.1,Good,30.6,6.5,4.1,12,Weekday,30.206999999999972
2026-05-21 12:00:00,ROAD_002,279,30.9,Medium,9.1,15.3,Good,30.6,6.5,4.1,12,Weekday,30.77800000000003
2026-05-21 12:00:00,ROAD_003,329,44.4,Low,20.9,13.1,Good,30.6,6.5,4.1,12,Weekday,44.07100000000001
2026-05-21 13:00:00,ROAD_001,322,16.9,Heavy,5.0,6.2,Good,28.7,14.9,2.4,13,Weekday,18.713000000000026
2026-05-21 13:00:00,ROAD_002,251,24.5,Medium,5.0,5.7,Good,28.7,14.9,2.4,13,Weekday,23.611000000000008
2026-05-21 13:00:00,ROAD_003,150,32.4,Medium,5.0,3.0,Good,28.7,14.9,2.4,13,Weekday,31.906000000000017
2026-05-21 14:00:00,ROAD_001,318,35.2,Medium,8.8,8.0,Good,29.3,7.9,4.4,14,Weekday,33.26999999999996
2026-05-21 14:00:00,ROAD_002,180,39.4,Low,5.0,6.3,Good,29.3,7.9,4.4,14,Weekday,34.19800000000001
2026-05-21 14:00:00,ROAD_003,183,46.4,Low,5.6,3.0,Good,29.3,7.9,4.4,14,Weekday,45.75600000000002
2026-05-21 15:00:00,ROAD_001,537,24.3,Medium,26.8,21.2,Good,27.1,5.0,4.3,15,Weekday,26.91900000000002
2026-05-21 15:00:00,ROAD_002,384,37.5,Medium,19.9,17.1,Good,27.1,5.0,4.3,15,Weekday,33.20500000000002
2026-05-21 15:00:00,ROAD_003,432,43.2,Low,33.3,21.1,Moderate,27.1,5.0,4.3,15,Weekday,42.73899999999995
2026-05-21 16:00:00,ROAD_001,686,29.2,Medium,36.4,27.1,Moderate,27.2,4.3,3.0,16,Weekday,28.40999999999998
2026-05-21 16:00:00,ROAD_002,639,28.0,Medium,29.4,27.6,Good,27.2,4.3,3.0,16,Weekday,32.03333333333334
2026-05-21 16:00:00,ROAD_003,513,39.3,Low,34.1,15.7,Moderate,27.2,4.3,3.0,16,Weekday,42.21400000000004
2026-05-21 17:00:00,ROAD_001,1046,15.2,Heavy,43.6,42.6,Moderate,23.0,6.1,2.3,17,Weekday,16.04700000000001
2026-05-21 17:00:00,ROAD_002,882,21.6,Heavy,44.7,34.0,Moderate,23.0,6.1,2.3,17,Weekday,21.78199999999999
2026-05-21 17:00:00,ROAD_003,673,44.2,Low,36.8,26.7,Moderate,23.0,6.1,2.3,17,Weekday,41.251999999999946
2026-05-21 18:00:00,ROAD_001,1201,10.0,Heavy,43.6,43.4,Moderate,20.9,12.8,3.3,18,Weekday,10.188
2026-05-21 18:00:00,ROAD_002,1006,10.0,Heavy,31.6,33.4,Moderate,20.9,12.8,3.3,18,Weekday,11.009
2026-05-21 18:00:00,ROAD_003,766,30.4,Medium,33.5,22.5,Moderate,20.9,12.8,3.3,18,Weekday,28.21600000000003
2026-05-21 19:00:00,ROAD_001,1026,10.5,Heavy,39.1,28.5,Moderate,19.2,13.5,4.0,19,Weekday,11.009000000000007
2026-05-21 19:00:00,ROAD_002,855,16.6,Heavy,23.5,18.9,Good,19.2,13.5,4.0,19,Weekday,14.254000000000001
2026-05-21 19:00:00,ROAD_003,672,24.1,Medium,13.9,20.7,Good,19.2,13.5,4.0,19,Weekday,23.30199999999999
2026-05-21 20:00:00,ROAD_001,717,22.6,Medium,32.4,22.4,Moderate,19.9,7.9,3.5,20,Weekday,23.42799999999997
2026-05-21 20:00:00,ROAD_002,562,31.9,Medium,21.3,19.8,Good,19.9,7.9,3.5,20,Weekday,28.680000000000028
2026-05-21 20:00:00,ROAD_003,537,47.5,Low,17.1,21.1,Good,19.9,7.9,3.5,20,Weekday,43.239
2026-05-21 21:00:00,ROAD_001,450,40.1,Low,27.1,21.5,Good,18.2,1.4,2.7,21,Weekday,39.99899999999995
2026-05-21 21:00:00,ROAD_002,373,40.1,Low,30.4,29.5,Moderate,18.2,1.4,2.7,21,Weekday,39.66499999999996
2026-05-21 21:00:00,ROAD_003,334,52.7,Low,25.9,16.1,Good,18.2,1.4,2.7,21,Weekday,51.94289999999999
2026-05-21 22:00:00,ROAD_001,229,47.6,Low,19.7,21.3,Good,14.1,1.1,3.0,22,Weekday,40.86299999999995
2026-05-21 22:00:00,ROAD_002,304,38.2,Low,21.0,29.6,Good,14.1,1.1,3.0,22,Weekday,42.205999999999946
2026-05-21 22:00:00,ROAD_003,279,52.4,Low,26.6,15.9,Good,14.1,1.1,3.0,22,Weekday,53.44299999999995
2026-05-21 23:00:00,ROAD_001,237,44.8,Low,13.3,12.9,Good,12.8,3.6,2.2,23,Weekday,41.96199999999996
2026-05-21 23:00:00,ROAD_002,171,41.1,Low,23.4,11.1,Good,12.8,3.6,2.2,23,Weekday,41.37099999999996
2026-05-21 23:00:00,ROAD_003,166,46.1,Low,13.8,16.1,Good,12.8,3.6,2.2,23,Weekday,49.126999999999995
2026-05-22 00:00:00,ROAD_001,222,36.7,Medium,16.4,17.8,Good,12.5,3.2,2.2,0,Weekday,40.83000000000003
2026-05-22 00:00:00,ROAD_002,252,42.8,Low,11.0,19.3,Good,12.5,3.2,2.2,0,Weekday,41.90400000000003
2026-05-22 00:00:00,ROAD_003,86,56.1,Low,10.6,12.0,Good,12.5,3.2,2.2,0,Weekday,54.16600000000004
2026-05-22 01:00:00,ROAD_001,206,37.8,Medium,26.7,11.3,Good,13.8,2.8,3.3,1,Weekday,39.211000000000055
2026-05-22 01:00:00,ROAD_002,227,41.1,Low,19.6,12.2,Good,13.8,2.8,3.3,1,Weekday,40.39999999999997
2026-05-22 01:00:00,ROAD_003,190,52.3,Low,18.4,10.9,Good,13.8,2.8,3.3,1,Weekday,52.28100000000007
2026-05-22 02:00:00,ROAD_001,248,41.2,Low,16.3,14.2,Good,16.6,3.5,3.0,2,Weekday,40.91699999999995
2026-05-22 02:00:00,ROAD_002,197,43.1,Low,11.5,12.5,Good,16.6,3.5,3.0,2,Weekday,41.59099999999995
2026-05-22 02:00:00,ROAD_003,236,53.3,Low,25.4,14.2,Good,16.6,3.5,3.0,2,Weekday,52.18500000000007
2026-05-22 03:00:00,ROAD_001,213,45.4,Low,27.3,16.7,Good,14.4,3.5,4.5,3,Weekday,41.14200000000005
2026-05-22 03:00:00,ROAD_002,228,39.3,Low,20.2,10.4,Good,14.4,3.5,4.5,3,Weekday,39.434000000000054
2026-05-22 03:00:00,ROAD_003,116,47.9,Low,15.3,4.3,Good,14.4,3.5,4.5,3,Weekday,49.291000000000004
2026-05-22 04:00:00,ROAD_001,278,43.9,Low,28.0,21.5,Good,17.3,2.1,2.1,4,Weekday,42.450000000000024
2026-05-22 04:00:00,ROAD_002,187,42.1,Low,23.1,11.9,Good,17.3,2.1,2.1,4,Weekday,42.184999999999974
2026-05-22 04:00:00,ROAD_003,170,54.5,Low,22.4,6.3,Good,17.3,2.1,2.1,4,Weekday,53.07300000000002
2026-05-22 05:00:00,ROAD_001,307,42.6,Low,30.2,25.5,Moderate,19.4,0.8,5.8,5,Weekday,43.690999999999974
2026-05-22 05:00:00,ROAD_002,312,46.3,Low,31.8,28.3,Moderate,19.4,0.8,5.8,5,Weekday,45.87500000000004
2026-05-22 05:00:00,ROAD_003,220,55.2,Low,34.5,5.8,Moderate,19.4,0.8,5.8,5,Weekday,54.852999999999966
2026-05-22 06:00:00,ROAD_001,416,36.3,Medium,32.6,22.1,Moderate,22.3,3.4,3.8,6,Weekday,35.557000000000045
2026-05-22 06:00:00,ROAD_002,378,33.6,Medium,19.4,20.4,Good,22.3,3.4,3.8,6,Weekday,34.754999999999974
2026-05-22 06:00:00,ROAD_003,238,48.3,Low,21.4,10.3,Good,22.3,3.4,3.8,6,Weekday,48.613250000000065
2026-05-22 07:00:00,ROAD_001,673,34.7,Medium,38.1,22.7,Moderate,22.4,2.6,4.6,7,Weekday,32.78299999999999
2026-05-22 07:00:00,ROAD_002,609,32.5,Medium,36.2,29.9,Moderate,22.4,2.6,4.6,7,Weekday,33.51399999999999
2026-05-22 07:00:00,ROAD_003,469,47.7,Low,22.8,25.5,Good,22.4,2.6,4.6,7,Weekday,47.940833333333295
2026-05-22 08:00:00,ROAD_001,904,10.0,Heavy,35.1,28.0,Moderate,26.3,12.7,2.0,8,Weekday,11.333000000000002
2026-05-22 08:00:00,ROAD_002,838,14.5,Heavy,28.0,17.2,Good,26.3,12.7,2.0,8,Weekday,13.00499999999999
2026-05-22 08:00:00,ROAD_003,626,27.8,Medium,27.5,19.4,Good,26.3,12.7,2.0,8,Weekday,28.242000000000004
2026-05-22 09:00:00,ROAD_001,1017,16.3,Heavy,40.7,30.8,Moderate,27.9,9.7,4.9,9,Weekday,16.403999999999986
2026-05-22 09:00:00,ROAD_002,822,20.2,Heavy,37.0,32.5,Moderate,27.9,9.7,4.9,9,Weekday,18.63499999999998
2026-05-22 09:00:00,ROAD_003,767,27.2,Medium,36.6,30.8,Moderate,27.9,9.7,4.9,9,Weekday,28.307999999999975
2026-05-22 10:00:00,ROAD_001,978,15.4,Heavy,42.3,38.2,Moderate,29.7,9.2,2.0,10,Weekday,16.150000000000013
2026-05-22 10:00:00,ROAD_002,765,18.3,Heavy,29.5,17.3,Good,29.7,9.2,2.0,10,Weekday,18.34299999999998
2026-05-22 10:00:00,ROAD_003,642,27.2,Medium,25.8,24.9,Good,29.7,9.2,2.0,10,Weekday,29.695999999999955
2026-05-22 11:00:00,ROAD_001,632,16.7,Heavy,20.3,29.3,Good,30.2,11.4,3.7,11,Weekday,16.10100000000002
2026-05-22 11:00:00,ROAD_002,502,24.3,Medium,11.3,13.0,Good,30.2,11.4,3.7,11,Weekday,18.223000000000003
2026-05-22 11:00:00,ROAD_003,405,37.1,Medium,10.2,14.8,Good,30.2,11.4,3.7,11,Weekday,33.60899999999999
2026-05-22 12:00:00,ROAD_001,402,33.1,Medium,27.7,13.1,Good,29.5,6.0,4.1,12,Weekday,31.675999999999952
2026-05-22 12:00:00,ROAD_002,410,31.2,Medium,30.2,15.7,Moderate,29.5,6.0,4.1,12,Weekday,31.64199999999998
2026-05-22 12:00:00,ROAD_003,261,47.6,Low,12.6,8.6,Good,29.5,6.0,4.1,12,Weekday,46.293
2026-05-22 13:00:00,ROAD_001,319,20.2,Heavy,5.0,3.9,Good,29.6,14.7,3.0,13,Weekday,20.137000000000025
2026-05-22 13:00:00,ROAD_002,322,21.5,Heavy,5.0,3.9,Good,29.6,14.7,3.0,13,Weekday,22.410000000000004
2026-05-22 13:00:00,ROAD_003,243,27.6,Medium,5.0,3.0,Good,29.6,14.7,3.0,13,Weekday,29.88099999999997
2026-05-22 14:00:00,ROAD_001,308,40.7,Low,5.0,16.8,Good,30.3,4.6,5.7,14,Weekday,37.56899999999995
2026-05-22 14:00:00,ROAD_002,276,32.3,Medium,19.8,16.0,Good,30.3,4.6,5.7,14,Weekday,34.03400000000003
2026-05-22 14:00:00,ROAD_003,243,40.1,Low,23.6,10.0,Good,30.3,4.6,5.7,14,Weekday,43.23406666666667
2026-05-22 15:00:00,ROAD_001,445,19.1,Heavy,5.0,9.5,Good,28.5,12.2,5.1,15,Weekday,22.66099999999998
2026-05-22 15:00:00,ROAD_002,360,27.7,Medium,5.4,3.8,Good,28.5,12.2,5.1,15,Weekday,26.615999999999985
2026-05-22 15:00:00,ROAD_003,265,42.1,Low,5.0,3.0,Good,28.5,12.2,5.1,15,Weekday,39.22599999999995
2026-05-22 16:00:00,ROAD_001,727,17.5,Heavy,24.7,24.5,Good,27.5,11.1,4.1,16,Weekday,18.040999999999997
2026-05-22 16:00:00,ROAD_002,677,20.3,Heavy,29.2,16.5,Good,27.5,11.1,4.1,16,Weekday,23.346
2026-05-22 16:00:00,ROAD_003,481,31.2,Medium,16.0,12.1,Good,27.5,11.1,4.1,16,Weekday,33.33899999999997
2026-05-22 17:00:00,ROAD_001,1158,23.7,Medium,47.4,42.9,Moderate,25.8,4.9,4.9,17,Weekday,19.695000000000007
2026-05-22 17:00:00,ROAD_002,978,20.6,Heavy,59.6,36.6,Moderate,25.8,4.9,4.9,17,Weekday,22.12699999999998
2026-05-22 17:00:00,ROAD_003,696,40.7,Low,36.1,30.5,Moderate,25.8,4.9,4.9,17,Weekday,39.50799999999994
2026-05-22 18:00:00,ROAD_001,1232,10.0,Heavy,42.1,42.0,Moderate,23.8,9.8,4.8,18,Weekday,11.539999999999996
2026-05-22 18:00:00,ROAD_002,1011,18.7,Heavy,34.5,38.2,Moderate,23.8,9.8,4.8,18,Weekday,15.214999999999996
2026-05-22 18:00:00,ROAD_003,894,25.5,Medium,29.2,27.9,Good,23.8,9.8,4.8,18,Weekday,27.845000000000013
2026-05-22 19:00:00,ROAD_001,987,10.0,Heavy,22.3,20.5,Good,20.9,14.5,4.0,19,Weekday,10.526999999999997
2026-05-22 19:00:00,ROAD_002,962,14.4,Heavy,23.7,26.2,Good,20.9,14.5,4.0,19,Weekday,12.974000000000007
2026-05-22 19:00:00,ROAD_003,653,24.6,Medium,23.6,19.8,Good,20.9,14.5,4.0,19,Weekday,24.81199999999997
2026-05-22 20:00:00,ROAD_001,721,28.0,Medium,31.8,27.7,Moderate,18.6,7.2,5.6,20,Weekday,25.596999999999994
2026-05-22 20:00:00,ROAD_002,584,24.0,Medium,30.3,20.0,Moderate,18.6,7.2,5.6,20,Weekday,25.370000000000005
2026-05-22 20:00:00,ROAD_003,463,37.6,Medium,24.9,15.0,Good,18.6,7.2,5.6,20,Weekday,38.22199999999997
2026-05-22 21:00:00,ROAD_001,430,36.6,Medium,35.3,26.2,Moderate,16.1,2.5,2.0,21,Weekday,37.65749999999995
2026-05-22 21:00:00,ROAD_002,428,40.1,Low,31.4,23.6,Moderate,16.1,2.5,2.0,21,Weekday,38.99399999999994
2026-05-22 21:00:00,ROAD_003,321,48.3,Low,24.9,19.1,Good,16.1,2.5,2.0,21,Weekday,49.64800000000007
2026-05-22 22:00:00,ROAD_001,290,47.6,Low,33.0,17.2,Moderate,14.8,2.5,5.8,22,Weekday,42.77200000000003
2026-05-22 22:00:00,ROAD_002,277,44.6,Low,21.7,14.1,Good,14.8,2.5,5.8,22,Weekday,43.636999999999986
2026-05-22 22:00:00,ROAD_003,244,51.4,Low,21.9,12.2,Good,14.8,2.5,5.8,22,Weekday,51.191999999999986
2026-05-22 23:00:00,ROAD_001,251,43.3,Low,20.2,19.4,Good,15.9,2.4,3.1,23,Weekday,42.60000000000005
2026-05-22 23:00:00,ROAD_002,207,47.2,Low,27.9,13.0,Good,15.9,2.4,3.1,23,Weekday,44.002166666666696
2026-05-22 23:00:00,ROAD_003,168,52.8,Low,17.7,9.2,Good,15.9,2.4,3.1,23,Weekday,52.54600000000007
2026-05-23 00:00:00,ROAD_001,435,44.2,Low,34.2,32.8,Moderate,13.3,0.0,9.4,0,Weekend,41.40250000000001
2026-05-23 00:00:00,ROAD_002,325,45.8,Low,22.7,20.5,Good,13.3,0.0,9.4,0,Weekend,44.53233333333337
2026-05-23 00:00:00,ROAD_003,255,54.5,Low,19.8,21.7,Good,13.3,0.0,9.4,0,Weekend,53.26145
2026-05-23 01:00:00,ROAD_001,434,38.7,Low,37.0,22.8,Moderate,15.4,0.0,8.6,1,Weekend,39.62499999999994
2026-05-23 01:00:00,ROAD_002,394,38.6,Low,42.6,24.1,Moderate,15.4,0.0,8.6,1,Weekend,39.70899999999997
2026-05-23 01:00:00,ROAD_003,365,53.9,Low,31.2,22.4,Moderate,15.4,0.0,8.6,1,Weekend,53.74366666666664
2026-05-23 02:00:00,ROAD_001,559,35.0,Medium,50.6,30.7,Moderate,13.7,0.0,8.6,2,Weekend,34.879000000000005
2026-05-23 02:00:00,ROAD_002,558,36.0,Medium,33.9,25.6,Moderate,13.7,0.0,8.6,2,Weekend,36.72333333333333
2026-05-23 02:00:00,ROAD_003,383,52.1,Low,31.5,20.3,Moderate,13.7,0.0,8.6,2,Weekend,52.45266666666668
2026-05-23 03:00:00,ROAD_001,748,38.8,Low,46.8,41.0,Moderate,17.2,0.0,9.9,3,Weekend,37.84911666666671
2026-05-23 03:00:00,ROAD_002,602,32.9,Medium,51.0,40.2,Moderate,17.2,0.0,9.9,3,Weekend,34.82900000000004
2026-05-23 03:00:00,ROAD_003,504,49.8,Low,36.3,25.8,Moderate,17.2,0.0,9.9,3,Weekend,49.645000000000046
2026-05-23 04:00:00,ROAD_001,874,31.9,Medium,52.3,38.2,Moderate,19.4,0.0,9.0,4,Weekend,31.836333333333364
2026-05-23 04:00:00,ROAD_002,643,38.1,Low,37.5,29.2,Moderate,19.4,0.0,9.0,4,Weekend,38.45699999999994
2026-05-23 04:00:00,ROAD_003,591,44.8,Low,45.9,22.4,Moderate,19.4,0.0,9.0,4,Weekend,46.97200000000008
2026-05-23 05:00:00,ROAD_001,892,34.0,Medium,56.7,40.3,Moderate,19.4,0.0,9.6,5,Weekend,33.158
2026-05-23 05:00:00,ROAD_002,652,42.2,Low,40.5,35.5,Moderate,19.4,0.0,9.6,5,Weekend,41.15599999999993
2026-05-23 05:00:00,ROAD_003,602,45.8,Low,47.3,34.1,Moderate,19.4,0.0,9.6,5,Weekend,47.435000000000066
2026-05-23 06:00:00,ROAD_001,830,29.0,Medium,62.3,37.3,Poor,21.5,0.0,9.4,6,Weekend,34.66499999999997
2026-05-23 06:00:00,ROAD_002,721,35.4,Medium,49.3,38.8,Moderate,21.5,0.0,9.4,6,Weekend,36.238000000000035
2026-05-23 06:00:00,ROAD_003,572,47.1,Low,43.4,31.8,Moderate,21.5,0.0,9.4,6,Weekend,49.190500000000014
2026-05-23 07:00:00,ROAD_001,771,34.2,Medium,43.2,35.6,Moderate,24.8,0.0,9.7,7,Weekend,34.39899999999996
2026-05-23 07:00:00,ROAD_002,601,32.0,Medium,49.0,31.6,Moderate,24.8,0.0,9.7,7,Weekend,34.2
2026-05-23 07:00:00,ROAD_003,495,53.8,Low,34.1,29.6,Moderate,24.8,0.0,9.7,7,Weekend,51.52550000000006
2026-05-23 08:00:00,ROAD_001,632,33.7,Medium,48.4,31.2,Moderate,24.3,0.0,9.7,8,Weekend,34.67799999999996
2026-05-23 08:00:00,ROAD_002,526,33.9,Medium,41.8,19.4,Moderate,24.3,0.0,9.7,8,Weekend,36.11500000000003
2026-05-23 08:00:00,ROAD_003,388,46.8,Low,35.6,23.9,Moderate,24.3,0.0,9.7,8,Weekend,48.748000000000054
2026-05-23 09:00:00,ROAD_001,449,44.9,Low,30.7,13.6,Moderate,26.6,0.0,10.0,9,Weekend,42.1916666666667
2026-05-23 09:00:00,ROAD_002,420,36.0,Medium,29.6,22.6,Good,26.6,0.0,10.0,9,Weekend,38.20826666666667
2026-05-23 09:00:00,ROAD_003,263,53.0,Low,19.8,19.9,Good,26.6,0.0,10.0,9,Weekend,53.95399999999999
2026-05-23 10:00:00,ROAD_001,438,43.2,Low,34.3,21.4,Moderate,27.6,0.0,9.0,10,Weekend,42.44033333333329
2026-05-23 10:00:00,ROAD_002,333,41.0,Low,31.0,14.8,Moderate,27.6,0.0,9.0,10,Weekend,40.60213333333332
2026-05-23 10:00:00,ROAD_003,293,54.0,Low,39.2,25.5,Moderate,27.6,0.0,9.0,10,Weekend,54.00596666666663
2026-05-23 11:00:00,ROAD_001,330,46.0,Low,28.7,26.2,Good,31.5,0.0,8.8,11,Weekend,44.849500000000006
2026-05-23 11:00:00,ROAD_002,316,44.6,Low,32.2,17.4,Moderate,31.5,0.0,8.8,11,Weekend,43.51350000000002
2026-05-23 11:00:00,ROAD_003,199,52.7,Low,29.2,13.2,Good,31.5,0.0,8.8,11,Weekend,54.14649999999996
2026-05-23 12:00:00,ROAD_001,359,44.1,Low,29.9,21.0,Good,28.0,0.0,8.5,12,Weekend,42.64999999999997
2026-05-23 12:00:00,ROAD_002,308,36.6,Medium,24.0,25.5,Good,28.0,0.0,8.5,12,Weekend,37.96599999999994
2026-05-23 12:00:00,ROAD_003,239,49.3,Low,20.7,19.8,Good,28.0,0.0,8.5,12,Weekend,52.16300000000007
2026-05-23 13:00:00,ROAD_001,452,36.4,Medium,37.2,29.2,Moderate,31.2,0.0,8.4,13,Weekend,37.91059999999998
2026-05-23 13:00:00,ROAD_002,451,37.3,Medium,42.1,25.6,Moderate,31.2,0.0,8.4,13,Weekend,37.87000000000005
2026-05-23 13:00:00,ROAD_003,321,56.0,Low,26.7,12.6,Good,31.2,0.0,8.4,13,Weekend,56.935000000000066
2026-05-23 14:00:00,ROAD_001,585,39.7,Low,45.5,24.4,Moderate,30.5,0.0,9.4,14,Weekend,38.02599999999995
2026-05-23 14:00:00,ROAD_002,500,32.8,Medium,36.9,26.0,Moderate,30.5,0.0,9.4,14,Weekend,35.08200000000005
2026-05-23 14:00:00,ROAD_003,419,48.1,Low,31.7,11.8,Moderate,30.5,0.0,9.4,14,Weekend,49.782333333333305
2026-05-23 15:00:00,ROAD_001,723,30.5,Medium,49.5,41.9,Moderate,29.5,0.0,8.9,15,Weekend,32.125000000000014
2026-05-23 15:00:00,ROAD_002,592,39.6,Low,37.3,30.4,Moderate,29.5,0.0,8.9,15,Weekend,38.68290000000002
2026-05-23 15:00:00,ROAD_003,418,53.7,Low,34.6,19.8,Moderate,29.5,0.0,8.9,15,Weekend,52.67199999999992
2026-05-23 16:00:00,ROAD_001,844,36.9,Medium,52.3,34.1,Moderate,24.3,0.0,9.1,16,Weekend,35.59665476190481
2026-05-23 16:00:00,ROAD_002,682,41.1,Low,37.6,30.1,Moderate,24.3,0.0,9.1,16,Weekend,39.90599999999997
2026-05-23 16:00:00,ROAD_003,563,48.7,Low,37.6,30.6,Moderate,24.3,0.0,9.1,16,Weekend,48.94399999999994
2026-05-23 17:00:00,ROAD_001,832,34.4,Medium,51.1,43.7,Moderate,25.6,0.0,8.9,17,Weekend,33.55400000000004
2026-05-23 17:00:00,ROAD_002,781,31.1,Medium,43.9,38.8,Moderate,25.6,0.0,8.9,17,Weekend,32.26659999999997
2026-05-23 17:00:00,ROAD_003,508,45.5,Low,27.6,26.3,Good,25.6,0.0,8.9,17,Weekend,46.24500000000005
2026-05-23 18:00:00,ROAD_001,806,31.7,Medium,58.2,43.5,Moderate,20.6,0.0,8.2,18,Weekend,32.63899999999997
2026-05-23 18:00:00,ROAD_002,750,34.5,Medium,54.7,37.5,Moderate,20.6,0.0,8.2,18,Weekend,36.01406666666669
2026-05-23 18:00:00,ROAD_003,546,47.2,Low,28.3,31.7,Moderate,20.6,0.0,8.2,18,Weekend,50.05900000000001
2026-05-23 19:00:00,ROAD_001,719,38.0,Low,45.6,39.9,Moderate,20.4,0.0,8.7,19,Weekend,36.439999999999955
2026-05-23 19:00:00,ROAD_002,594,36.0,Medium,48.0,27.1,Moderate,20.4,0.0,8.7,19,Weekend,35.47100000000001
2026-05-23 19:00:00,ROAD_003,451,47.9,Low,29.6,26.4,Good,20.4,0.0,8.7,19,Weekend,48.70200000000002
2026-05-23 20:00:00,ROAD_001,579,39.4,Low,32.4,25.8,Moderate,19.8,0.0,8.3,20,Weekend,39.23000000000005
2026-05-23 20:00:00,ROAD_002,502,44.0,Low,39.5,25.2,Moderate,19.8,0.0,8.3,20,Weekend,41.39800000000001
2026-05-23 20:00:00,ROAD_003,340,51.0,Low,30.1,12.5,Moderate,19.8,0.0,8.3,20,Weekend,50.35600000000002
2026-05-23 21:00:00,ROAD_001,469,40.1,Low,33.1,28.4,Moderate,15.3,0.0,8.7,21,Weekend,40.01299999999998
2026-05-23 21:00:00,ROAD_002,404,40.5,Low,36.4,26.4,Moderate,15.3,0.0,8.7,21,Weekend,40.73599999999998
2026-05-23 21:00:00,ROAD_003,261,54.5,Low,31.2,23.4,Moderate,15.3,0.0,8.7,21,Weekend,52.919999999999966
2026-05-23 22:00:00,ROAD_001,409,43.9,Low,34.0,25.2,Moderate,16.7,0.0,8.5,22,Weekend,43.10375000000005
2026-05-23 22:00:00,ROAD_002,316,39.4,Low,28.3,18.4,Good,16.7,0.0,8.5,22,Weekend,40.87700000000006
2026-05-23 22:00:00,ROAD_003,234,59.4,Low,30.3,11.4,Moderate,16.7,0.0,8.5,22,Weekend,56.966733333333316
2026-05-23 23:00:00,ROAD_001,316,42.3,Low,26.0,22.3,Good,12.5,0.0,9.7,23,Weekend,45.140999999999956
2026-05-23 23:00:00,ROAD_002,250,47.7,Low,26.0,17.4,Good,12.5,0.0,9.7,23,Weekend,46.12399999999994
2026-05-23 23:00:00,ROAD_003,239,53.8,Low,15.6,18.4,Good,12.5,0.0,9.7,23,Weekend,54.57800000000007
2026-05-24 00:00:00,ROAD_001,436,42.9,Low,46.8,28.6,Moderate,13.5,0.0,8.3,0,Weekend,40.617999999999995
2026-05-24 00:00:00,ROAD_002,301,41.0,Low,26.1,17.9,Good,13.5,0.0,8.3,0,Weekend,42.72333333333336
2026-05-24 00:00:00,ROAD_003,265,49.9,Low,30.2,19.6,Moderate,13.5,0.0,8.3,0,Weekend,53.67475000000001
2026-05-24 01:00:00,ROAD_001,489,43.7,Low,32.7,23.6,Moderate,14.8,0.0,8.4,1,Weekend,41.48599999999998
2026-05-24 01:00:00,ROAD_002,428,38.2,Low,33.1,30.9,Moderate,14.8,0.0,8.4,1,Weekend,42.278600000000054
2026-05-24 01:00:00,ROAD_003,285,58.7,Low,26.1,15.5,Good,14.8,0.0,8.4,1,Weekend,55.34178333333329
2026-05-24 02:00:00,ROAD_001,600,35.2,Medium,42.5,22.7,Moderate,16.9,0.0,9.2,2,Weekend,36.703699999999984
2026-05-24 02:00:00,ROAD_002,508,43.3,Low,29.0,26.2,Good,16.9,0.0,9.2,2,Weekend,41.32286666666673
2026-05-24 02:00:00,ROAD_003,365,47.9,Low,21.2,18.1,Good,16.9,0.0,9.2,2,Weekend,48.364
2026-05-24 03:00:00,ROAD_001,659,37.2,Medium,45.8,39.8,Moderate,16.1,0.0,9.7,3,Weekend,37.30099999999995
2026-05-24 03:00:00,ROAD_002,622,38.9,Low,46.5,28.1,Moderate,16.1,0.0,9.7,3,Weekend,38.48600000000005
2026-05-24 03:00:00,ROAD_003,457,53.8,Low,25.3,23.3,Good,16.1,0.0,9.7,3,Weekend,52.09600000000001
2026-05-24 04:00:00,ROAD_001,790,35.4,Medium,50.0,31.5,Moderate,16.8,0.0,9.1,4,Weekend,33.786245238095255
2026-05-24 04:00:00,ROAD_002,613,37.2,Medium,38.7,29.3,Moderate,16.8,0.0,9.1,4,Weekend,35.32780000000004
2026-05-24 04:00:00,ROAD_003,576,50.3,Low,49.9,28.9,Moderate,16.8,0.0,9.1,4,Weekend,47.12999999999999
2026-05-24 05:00:00,ROAD_001,820,34.5,Medium,50.7,37.9,Moderate,21.8,0.0,8.3,5,Weekend,33.323999999999955
2026-05-24 05:00:00,ROAD_002,716,33.3,Medium,54.7,34.4,Moderate,21.8,0.0,8.3,5,Weekend,35.57400000000004
2026-05-24 05:00:00,ROAD_003,584,52.2,Low,46.4,24.8,Moderate,21.8,0.0,8.3,5,Weekend,47.85833333333333
2026-05-24 06:00:00,ROAD_001,762,36.8,Medium,54.4,39.3,Moderate,23.4,0.0,8.1,6,Weekend,35.40300000000005
2026-05-24 06:00:00,ROAD_002,665,37.8,Medium,44.8,29.4,Moderate,23.4,0.0,8.1,6,Weekend,38.01300000000005
2026-05-24 06:00:00,ROAD_003,509,51.5,Low,33.4,24.6,Moderate,23.4,0.0,8.1,6,Weekend,50.887999999999984
2026-05-24 07:00:00,ROAD_001,743,30.4,Medium,50.6,33.0,Moderate,25.8,0.3,6.2,7,Weekend,31.559000000000047
2026-05-24 07:00:00,ROAD_002,559,36.4,Medium,46.4,27.7,Moderate,25.8,0.3,6.2,7,Weekend,37.17800000000003
2026-05-24 07:00:00,ROAD_003,568,41.5,Low,32.2,34.8,Moderate,25.8,0.3,6.2,7,Weekend,44.657
2026-05-24 08:00:00,ROAD_001,661,37.0,Medium,42.7,33.1,Moderate,27.8,0.0,9.4,8,Weekend,35.722960714285705
2026-05-24 08:00:00,ROAD_002,504,34.5,Medium,51.2,29.7,Moderate,27.8,0.0,9.4,8,Weekend,40.417799999999964
2026-05-24 08:00:00,ROAD_003,408,53.3,Low,36.9,23.7,Moderate,27.8,0.0,9.4,8,Weekend,52.219000000000044
2026-05-24 09:00:00,ROAD_001,495,37.3,Medium,44.4,28.5,Moderate,26.5,0.0,9.6,9,Weekend,39.91833333333338
2026-05-24 09:00:00,ROAD_002,429,45.2,Low,34.4,26.3,Moderate,26.5,0.0,9.6,9,Weekend,42.515933333333294
2026-05-24 09:00:00,ROAD_003,352,50.5,Low,31.1,22.8,Moderate,26.5,0.0,9.6,9,Weekend,52.043
2026-05-24 10:00:00,ROAD_001,335,39.1,Low,36.6,24.6,Moderate,28.8,0.0,9.2,10,Weekend,39.83899999999996
2026-05-24 10:00:00,ROAD_002,285,45.9,Low,35.2,19.9,Moderate,28.8,0.0,9.2,10,Weekend,44.05550000000002
2026-05-24 10:00:00,ROAD_003,365,47.2,Low,34.9,27.4,Moderate,28.8,0.0,9.2,10,Weekend,50.26583333333329
2026-05-24 11:00:00,ROAD_001,348,44.1,Low,34.7,24.6,Moderate,31.3,0.0,8.8,11,Weekend,43.13699999999998
2026-05-24 11:00:00,ROAD_002,341,39.8,Low,29.2,18.2,Good,31.3,0.0,8.8,11,Weekend,41.13300000000002
2026-05-24 11:00:00,ROAD_003,224,58.4,Low,25.6,28.3,Good,31.3,0.0,8.8,11,Weekend,57.27429999999993
2026-05-24 12:00:00,ROAD_001,396,39.8,Low,32.5,28.4,Moderate,31.9,0.0,9.3,12,Weekend,39.46750000000005
2026-05-24 12:00:00,ROAD_002,331,40.7,Low,25.3,19.8,Good,31.9,0.0,9.3,12,Weekend,40.85199999999996
2026-05-24 12:00:00,ROAD_003,264,58.1,Low,20.2,18.0,Good,31.9,0.0,9.3,12,Weekend,56.92000000000003
2026-05-24 13:00:00,ROAD_001,485,34.4,Medium,32.7,24.3,Moderate,28.4,0.0,9.8,13,Weekend,36.87400000000005
2026-05-24 13:00:00,ROAD_002,368,42.9,Low,30.8,20.7,Moderate,28.4,0.0,9.8,13,Weekend,41.63350000000004
2026-05-24 13:00:00,ROAD_003,337,58.1,Low,38.4,14.1,Moderate,28.4,0.0,9.8,13,Weekend,57.247066666666726
2026-05-24 14:00:00,ROAD_001,606,36.2,Medium,42.9,31.8,Moderate,30.7,0.0,8.7,14,Weekend,36.50999999999995
2026-05-24 14:00:00,ROAD_002,476,37.4,Medium,34.2,27.6,Moderate,30.7,0.0,8.7,14,Weekend,36.62800000000004
2026-05-24 14:00:00,ROAD_003,423,53.7,Low,31.6,25.9,Moderate,30.7,0.0,8.7,14,Weekend,51.864999999999945
2026-05-24 15:00:00,ROAD_001,717,34.4,Medium,48.2,30.5,Moderate,28.4,0.0,9.4,15,Weekend,36.35225000000005
2026-05-24 15:00:00,ROAD_002,592,39.9,Low,44.8,29.6,Moderate,28.4,0.0,9.4,15,Weekend,39.835141666666686
2026-05-24 15:00:00,ROAD_003,488,47.4,Low,40.5,26.8,Moderate,28.4,0.0,9.4,15,Weekend,50.55353333333326
2026-05-24 16:00:00,ROAD_001,805,31.9,Medium,54.5,36.6,Moderate,24.8,0.0,8.2,16,Weekend,33.53775000000003
2026-05-24 16:00:00,ROAD_002,736,39.1,Low,43.7,36.0,Moderate,24.8,0.0,8.2,16,Weekend,38.14799999999995
2026-05-24 16:00:00,ROAD_003,512,48.4,Low,48.1,26.7,Moderate,24.8,0.0,8.2,16,Weekend,48.443000000000005
2026-05-24 17:00:00,ROAD_001,799,30.8,Medium,44.9,34.4,Moderate,25.1,0.0,9.7,17,Weekend,31.422000000000043
2026-05-24 17:00:00,ROAD_002,585,39.4,Low,51.6,31.1,Moderate,25.1,0.0,9.7,17,Weekend,32.662000000000006
2026-05-24 17:00:00,ROAD_003,503,47.6,Low,35.3,23.5,Moderate,25.1,0.0,9.7,17,Weekend,46.36200000000005
2026-05-24 18:00:00,ROAD_001,761,36.3,Medium,56.9,44.2,Moderate,23.0,0.0,9.5,18,Weekend,34.37600000000003
2026-05-24 18:00:00,ROAD_002,787,30.9,Medium,64.5,36.1,Poor,23.0,0.0,9.5,18,Weekend,32.62300000000002
2026-05-24 18:00:00,ROAD_003,514,50.3,Low,35.2,29.6,Moderate,23.0,0.0,9.5,18,Weekend,49.51400000000005
2026-05-24 19:00:00,ROAD_001,667,35.4,Medium,51.4,33.1,Moderate,21.8,0.0,8.1,19,Weekend,35.78900000000003
2026-05-24 19:00:00,ROAD_002,605,38.8,Low,48.1,24.6,Moderate,21.8,0.0,8.1,19,Weekend,36.897000000000055
2026-05-24 19:00:00,ROAD_003,503,48.7,Low,38.5,31.8,Moderate,21.8,0.0,8.1,19,Weekend,48.72099999999994
2026-05-24 20:00:00,ROAD_001,522,37.5,Medium,45.1,27.8,Moderate,17.2,0.0,8.6,20,Weekend,37.406000000000056
2026-05-24 20:00:00,ROAD_002,446,39.3,Low,27.6,21.1,Good,17.2,0.0,8.6,20,Weekend,35.94225000000004
2026-05-24 20:00:00,ROAD_003,415,47.8,Low,39.2,24.2,Moderate,17.2,0.0,8.6,20,Weekend,48.99275000000005
2026-05-24 21:00:00,ROAD_001,510,41.7,Low,39.6,30.1,Moderate,16.9,0.0,8.1,21,Weekend,43.19025000000001
2026-05-24 21:00:00,ROAD_002,391,43.5,Low,30.9,23.7,Moderate,16.9,0.0,8.1,21,Weekend,42.615000000000016
2026-05-24 21:00:00,ROAD_003,309,52.2,Low,25.5,22.7,Good,16.9,0.0,8.1,21,Weekend,51.722999999999956
2026-05-24 22:00:00,ROAD_001,444,44.3,Low,28.7,30.7,Moderate,16.6,0.0,9.8,22,Weekend,44.93423928571431
2026-05-24 22:00:00,ROAD_002,314,45.3,Low,24.6,21.6,Good,16.6,0.0,9.8,22,Weekend,44.71135
2026-05-24 22:00:00,ROAD_003,273,49.9,Low,30.3,24.9,Moderate,16.6,0.0,9.8,22,Weekend,53.481100000000026
2026-05-24 23:00:00,ROAD_001,353,46.7,Low,29.9,25.8,Good,12.3,0.0,8.5,23,Weekend,45.29699999999994
2026-05-24 23:00:00,ROAD_002,211,52.9,Low,32.0,16.2,Moderate,12.3,0.0,8.5,23,Weekend,46.15999999999995
2026-05-24 23:00:00,ROAD_003,161,57.5,Low,15.0,17.4,Good,12.3,0.0,8.5,23,Weekend,56.20600000000003
2026-05-25 00:00:00,ROAD_001,284,46.5,Low,32.7,20.0,Moderate,14.6,0.0,8.3,0,Weekday,46.943999999999996
2026-05-25 00:00:00,ROAD_002,143,50.0,Low,20.1,9.4,Good,14.6,0.0,8.3,0,Weekday,48.42300000000001
2026-05-25 00:00:00,ROAD_003,214,61.8,Low,24.4,26.1,Good,14.6,0.0,8.3,0,Weekday,56.78433333333332
2026-05-25 01:00:00,ROAD_001,214,50.5,Low,20.7,20.4,Good,14.7,0.0,8.1,1,Weekday,48.51200000000001
2026-05-25 01:00:00,ROAD_002,177,44.9,Low,28.1,14.7,Good,14.7,0.0,8.1,1,Weekday,46.37600000000003
2026-05-25 01:00:00,ROAD_003,143,60.4,Low,29.4,17.6,Good,14.7,0.0,8.1,1,Weekday,58.95699999999995
2026-05-25 02:00:00,ROAD_001,243,45.9,Low,21.0,21.4,Good,13.7,0.0,8.5,2,Weekday,45.35800000000001
2026-05-25 02:00:00,ROAD_002,203,40.6,Low,19.5,15.1,Good,13.7,0.0,8.5,2,Weekday,42.77099999999999
2026-05-25 02:00:00,ROAD_003,157,62.4,Low,23.3,12.1,Good,13.7,0.0,8.5,2,Weekday,60.629999999999946
2026-05-25 03:00:00,ROAD_001,255,46.4,Low,32.5,18.8,Moderate,17.4,0.0,8.2,3,Weekday,45.338757142857176
2026-05-25 03:00:00,ROAD_002,267,47.2,Low,23.5,28.2,Good,17.4,0.0,8.2,3,Weekday,45.41559047619048
2026-05-25 03:00:00,ROAD_003,174,53.9,Low,31.1,24.4,Moderate,17.4,0.0,8.2,3,Weekday,52.81500000000002
2026-05-25 04:00:00,ROAD_001,248,47.0,Low,32.5,21.0,Moderate,17.9,0.0,8.1,4,Weekday,44.070999999999955
2026-05-25 04:00:00,ROAD_002,216,50.0,Low,23.2,21.7,Good,17.9,0.0,8.1,4,Weekday,48.34449999999997
2026-05-25 04:00:00,ROAD_003,158,58.0,Low,21.5,15.3,Good,17.9,0.0,8.1,4,Weekday,57.591000000000015
2026-05-25 05:00:00,ROAD_001,317,42.8,Low,30.3,26.0,Moderate,18.8,0.0,8.8,5,Weekday,44.33300000000004
2026-05-25 05:00:00,ROAD_002,233,52.2,Low,29.3,17.4,Good,18.8,0.0,8.8,5,Weekday,46.86833333333334
2026-05-25 05:00:00,ROAD_003,194,52.9,Low,23.6,8.1,Good,18.8,0.0,8.8,5,Weekday,53.53499999999999
2026-05-25 06:00:00,ROAD_001,374,42.5,Low,29.8,29.1,Good,20.6,0.0,9.0,6,Weekday,42.141000000000005
2026-05-25 06:00:00,ROAD_002,422,43.6,Low,32.4,32.7,Moderate,20.6,0.0,9.0,6,Weekday,41.97525000000003
2026-05-25 06:00:00,ROAD_003,230,51.0,Low,24.9,27.1,Good,20.6,0.0,9.0,6,Weekday,50.324100000000016
2026-05-25 07:00:00,ROAD_001,625,37.9,Medium,45.3,33.5,Moderate,22.6,1.3,5.3,7,Weekday,36.44766666666669
2026-05-25 07:00:00,ROAD_002,543,34.6,Medium,30.4,27.8,Moderate,22.6,1.3,5.3,7,Weekday,35.7413333333333
2026-05-25 07:00:00,ROAD_003,412,45.9,Low,28.8,20.9,Good,22.6,1.3,5.3,7,Weekday,46.585499999999996
2026-05-25 08:00:00,ROAD_001,964,30.1,Medium,54.5,42.4,Moderate,24.1,0.0,8.3,8,Weekday,32.027335714285734
2026-05-25 08:00:00,ROAD_002,831,33.1,Medium,55.1,44.2,Moderate,24.1,0.0,8.3,8,Weekday,31.97985714285716
2026-05-25 08:00:00,ROAD_003,654,40.6,Low,45.8,30.4,Moderate,24.1,0.0,8.3,8,Weekday,43.41160793650794
2026-05-25 09:00:00,ROAD_001,1152,27.2,Medium,63.9,52.6,Poor,29.5,0.0,9.5,9,Weekday,28.295600000000007
2026-05-25 09:00:00,ROAD_002,903,26.0,Medium,60.0,40.0,Poor,29.5,0.0,9.5,9,Weekday,25.487999999999992
2026-05-25 09:00:00,ROAD_003,776,43.5,Low,57.1,38.9,Moderate,29.5,0.0,9.5,9,Weekday,44.39333333333334
2026-05-25 10:00:00,ROAD_001,969,24.6,Medium,58.0,38.0,Moderate,30.3,0.0,8.7,10,Weekday,26.35383333333329
2026-05-25 10:00:00,ROAD_002,750,31.7,Medium,52.1,35.7,Moderate,30.3,0.0,8.7,10,Weekday,33.134999999999984
2026-05-25 10:00:00,ROAD_003,638,46.2,Low,49.1,32.3,Moderate,30.3,0.0,8.7,10,Weekday,47.2962166666666
2026-05-25 11:00:00,ROAD_001,729,38.5,Low,47.6,33.2,Moderate,30.5,0.0,8.2,11,Weekday,37.30800000000002
2026-05-25 11:00:00,ROAD_002,504,36.9,Medium,26.8,24.0,Good,30.5,0.0,8.2,11,Weekday,37.79100000000003
2026-05-25 11:00:00,ROAD_003,469,50.1,Low,47.7,24.9,Moderate,30.5,0.0,8.2,11,Weekday,50.30899999999999
2026-05-25 12:00:00,ROAD_001,364,38.0,Low,34.7,22.0,Moderate,29.4,0.0,9.7,12,Weekday,37.92999999999999
2026-05-25 12:00:00,ROAD_002,361,39.7,Low,32.4,19.4,Moderate,29.4,0.0,9.7,12,Weekday,39.70000000000005
2026-05-25 12:00:00,ROAD_003,297,50.3,Low,27.5,28.5,Good,29.4,0.0,9.7,12,Weekday,52.74799999999995
2026-05-25 13:00:00,ROAD_001,305,43.3,Low,27.7,21.4,Good,31.2,0.0,10.0,13,Weekday,43.97066666666671
2026-05-25 13:00:00,ROAD_002,287,44.8,Low,29.3,19.3,Good,31.2,0.0,10.0,13,Weekday,44.57825000000005
2026-05-25 13:00:00,ROAD_003,219,54.8,Low,15.8,28.2,Good,31.2,0.0,10.0,13,Weekday,57.791800000000094
2026-05-25 14:00:00,ROAD_001,338,38.9,Low,27.7,15.9,Good,29.8,0.0,8.4,14,Weekday,40.21400000000002
2026-05-25 14:00:00,ROAD_002,272,39.6,Low,29.2,22.2,Good,29.8,0.0,8.4,14,Weekday,41.09599999999997
2026-05-25 14:00:00,ROAD_003,186,56.6,Low,19.0,18.6,Good,29.8,0.0,8.4,14,Weekday,56.78900000000007
2026-05-25 15:00:00,ROAD_001,397,38.7,Low,27.3,24.7,Good,26.7,0.0,9.6,15,Weekday,39.92386666666661
2026-05-25 15:00:00,ROAD_002,413,42.2,Low,31.0,13.3,Moderate,26.7,0.0,9.6,15,Weekday,41.046333333333315
2026-05-25 15:00:00,ROAD_003,314,55.8,Low,42.5,19.3,Moderate,26.7,0.0,9.6,15,Weekday,56.07093333333339
2026-05-25 16:00:00,ROAD_001,736,38.5,Low,44.1,34.8,Moderate,24.4,0.0,9.4,16,Weekday,34.65643809523808
2026-05-25 16:00:00,ROAD_002,657,37.2,Medium,50.4,31.2,Moderate,24.4,0.0,9.4,16,Weekday,38.18799999999996
2026-05-25 16:00:00,ROAD_003,548,43.6,Low,31.5,34.3,Moderate,24.4,0.0,9.4,16,Weekday,46.852028571428555
2026-05-25 17:00:00,ROAD_001,1062,27.9,Medium,56.1,47.1,Moderate,24.1,0.0,9.8,17,Weekday,27.44351904761908
2026-05-25 17:00:00,ROAD_002,936,30.7,Medium,60.5,45.4,Poor,24.1,0.0,9.8,17,Weekday,31.890447619047634
2026-05-25 17:00:00,ROAD_003,664,48.7,Low,43.3,32.2,Moderate,24.1,0.0,9.8,17,Weekday,47.5508928571428
2026-05-25 18:00:00,ROAD_001,1283,25.1,Medium,69.5,55.2,Poor,23.5,0.0,10.0,18,Weekday,25.166599999999967
2026-05-25 18:00:00,ROAD_002,1001,34.2,Medium,60.2,53.9,Poor,23.5,0.0,10.0,18,Weekday,32.89306666666661
2026-05-25 18:00:00,ROAD_003,748,44.3,Low,44.8,34.2,Moderate,23.5,0.0,10.0,18,Weekday,43.79290000000005
2026-05-25 19:00:00,ROAD_001,1039,26.2,Medium,70.4,52.1,Poor,21.8,0.0,8.4,19,Weekday,28.135866666666672
2026-05-25 19:00:00,ROAD_002,897,29.9,Medium,51.9,44.4,Moderate,21.8,0.0,8.4,19,Weekday,30.623809523809555
2026-05-25 19:00:00,ROAD_003,717,44.6,Low,50.0,38.7,Moderate,21.8,0.0,8.4,19,Weekday,45.28179999999998
2026-05-25 20:00:00,ROAD_001,693,36.3,Medium,57.0,29.8,Moderate,17.7,0.0,8.2,20,Weekday,35.92375000000003
2026-05-25 20:00:00,ROAD_002,665,34.1,Medium,42.6,36.9,Moderate,17.7,0.0,8.2,20,Weekday,35.02199999999996
2026-05-25 20:00:00,ROAD_003,487,50.6,Low,38.1,24.3,Moderate,17.7,0.0,8.2,20,Weekday,50.93400000000001
2026-05-25 21:00:00,ROAD_001,411,38.8,Low,17.9,24.6,Good,18.0,0.0,8.9,21,Weekday,39.20625000000006
2026-05-25 21:00:00,ROAD_002,441,37.7,Medium,37.8,27.2,Moderate,18.0,0.0,8.9,21,Weekday,39.47216666666664
2026-05-25 21:00:00,ROAD_003,281,58.8,Low,26.3,27.9,Good,18.0,0.0,8.9,21,Weekday,57.735500000000094
2026-05-25 22:00:00,ROAD_001,248,44.0,Low,25.4,18.5,Good,16.0,0.0,10.0,22,Weekday,42.27041666666666
2026-05-25 22:00:00,ROAD_002,290,54.2,Low,30.3,20.2,Moderate,16.0,0.0,10.0,22,Weekday,50.60491666666665
2026-05-25 22:00:00,ROAD_003,165,50.9,Low,28.3,13.6,Good,16.0,0.0,10.0,22,Weekday,50.36551428571428
2026-05-25 23:00:00,ROAD_001,271,45.5,Low,29.2,16.7,Good,14.6,0.0,9.0,23,Weekday,41.089
2026-05-25 23:00:00,ROAD_002,144,45.3,Low,21.4,12.4,Good,14.6,0.0,9.0,23,Weekday,46.44190000000003
2026-05-25 23:00:00,ROAD_003,120,55.3,Low,25.6,17.2,Good,14.6,0.0,9.0,23,Weekday,53.86177142857141
2026-05-26 00:00:00,ROAD_001,246,46.6,Low,20.4,15.4,Good,12.2,0.0,8.5,0,Weekday,46.50799999999997
2026-05-26 00:00:00,ROAD_002,212,42.6,Low,25.1,12.4,Good,12.2,0.0,8.5,0,Weekday,45.755999999999986
2026-05-26 00:00:00,ROAD_003,94,60.2,Low,24.4,10.8,Good,12.2,0.0,8.5,0,Weekday,59.103999999999935
2026-05-26 01:00:00,ROAD_001,313,43.8,Low,26.0,19.5,Good,14.1,0.0,8.9,1,Weekday,44.455000000000055
2026-05-26 01:00:00,ROAD_002,123,49.3,Low,30.5,11.2,Moderate,14.1,0.0,8.9,1,Weekday,47.818000000000055
2026-05-26 01:00:00,ROAD_003,255,54.3,Low,34.8,20.2,Moderate,14.1,0.0,8.9,1,Weekday,55.26500000000004
2026-05-26 02:00:00,ROAD_001,271,45.5,Low,17.5,13.5,Good,15.2,0.0,9.4,2,Weekday,44.652555555555544
2026-05-26 02:00:00,ROAD_002,218,49.9,Low,25.5,15.3,Good,15.2,0.0,9.4,2,Weekday,47.40449999999999
2026-05-26 02:00:00,ROAD_003,86,55.9,Low,19.5,9.6,Good,15.2,0.0,9.4,2,Weekday,56.00059047619044
2026-05-26 03:00:00,ROAD_001,300,45.8,Low,29.9,21.3,Good,14.8,0.0,9.0,3,Weekday,45.693000000000055
2026-05-26 03:00:00,ROAD_002,224,45.0,Low,23.0,20.8,Good,14.8,0.0,9.0,3,Weekday,45.45000000000001
2026-05-26 03:00:00,ROAD_003,152,53.3,Low,29.1,7.8,Good,14.8,0.0,9.0,3,Weekday,54.64100000000005
2026-05-26 04:00:00,ROAD_001,216,45.6,Low,22.6,20.8,Good,19.0,0.0,9.2,4,Weekday,45.446000000000005
2026-05-26 04:00:00,ROAD_002,244,46.3,Low,29.7,18.1,Good,19.0,0.0,9.2,4,Weekday,45.99800000000007
2026-05-26 04:00:00,ROAD_003,240,58.7,Low,23.4,21.6,Good,19.0,0.0,9.2,4,Weekday,57.023249999999926
2026-05-26 05:00:00,ROAD_001,310,43.0,Low,29.4,20.8,Good,21.5,0.0,9.8,5,Weekday,43.24839285714289
2026-05-26 05:00:00,ROAD_002,357,38.6,Low,21.1,23.8,Good,21.5,0.0,9.8,5,Weekday,42.24006666666667
2026-05-26 05:00:00,ROAD_003,188,57.0,Low,26.4,21.7,Good,21.5,0.0,9.8,5,Weekday,56.5157833333333
2026-05-26 06:00:00,ROAD_001,456,46.0,Low,31.6,26.8,Moderate,23.4,0.0,8.5,6,Weekday,44.48389999999999
2026-05-26 06:00:00,ROAD_002,310,43.2,Low,32.0,16.4,Moderate,23.4,0.0,8.5,6,Weekday,43.40333333333329
2026-05-26 06:00:00,ROAD_003,285,56.5,Low,30.8,15.3,Moderate,23.4,0.0,8.5,6,Weekday,51.919166666666634
2026-05-26 07:00:00,ROAD_001,659,35.9,Medium,36.6,25.3,Moderate,24.2,1.1,6.7,7,Weekday,35.65433333333334
2026-05-26 07:00:00,ROAD_002,600,35.9,Medium,37.5,25.4,Moderate,24.2,1.1,6.7,7,Weekday,36.43200000000004
2026-05-26 07:00:00,ROAD_003,488,43.7,Low,39.7,27.6,Moderate,24.2,1.1,6.7,7,Weekday,45.59499999999994
2026-05-26 08:00:00,ROAD_001,1021,29.8,Medium,58.0,40.7,Moderate,26.1,0.0,8.4,8,Weekday,28.91000000000002
2026-05-26 08:00:00,ROAD_002,812,32.7,Medium,59.4,37.0,Moderate,26.1,0.0,8.4,8,Weekday,33.29218333333333
2026-05-26 08:00:00,ROAD_003,603,50.1,Low,46.8,31.8,Moderate,26.1,0.0,8.4,8,Weekday,49.82949999999999
2026-05-26 09:00:00,ROAD_001,1089,30.8,Medium,67.1,47.4,Poor,29.4,0.0,9.0,9,Weekday,29.785600000000017
2026-05-26 09:00:00,ROAD_002,954,23.0,Medium,68.2,36.6,Poor,29.4,0.0,9.0,9,Weekday,27.199999999999992
2026-05-26 09:00:00,ROAD_003,694,45.4,Low,45.5,38.3,Moderate,29.4,0.0,9.0,9,Weekday,45.417333333333346
2026-05-26 10:00:00,ROAD_001,932,31.5,Medium,56.6,43.0,Moderate,27.5,0.0,9.2,10,Weekday,29.434250000000002
2026-05-26 10:00:00,ROAD_002,774,32.3,Medium,51.3,40.9,Moderate,27.5,0.0,9.2,10,Weekday,32.106
2026-05-26 10:00:00,ROAD_003,613,44.6,Low,45.7,31.3,Moderate,27.5,0.0,9.2,10,Weekday,45.53566666666662
2026-05-26 11:00:00,ROAD_001,612,35.7,Medium,38.7,31.1,Moderate,30.7,0.0,8.5,11,Weekday,36.45299999999996
2026-05-26 11:00:00,ROAD_002,543,40.9,Low,38.0,29.6,Moderate,30.7,0.0,8.5,11,Weekday,37.53699999999999
2026-05-26 11:00:00,ROAD_003,461,51.0,Low,35.6,28.2,Moderate,30.7,0.0,8.5,11,Weekday,51.89099999999998
2026-05-26 12:00:00,ROAD_001,432,37.1,Medium,35.4,21.7,Moderate,29.5,0.0,9.5,12,Weekday,38.956999999999965
2026-05-26 12:00:00,ROAD_002,394,48.4,Low,28.8,25.1,Good,29.5,0.0,9.5,12,Weekday,44.349000000000025
2026-05-26 12:00:00,ROAD_003,224,56.7,Low,20.7,15.3,Good,29.5,0.0,9.5,12,Weekday,55.788999999999945
2026-05-26 13:00:00,ROAD_001,278,46.4,Low,32.5,19.8,Moderate,28.7,0.0,8.0,13,Weekday,45.97180000000004
2026-05-26 13:00:00,ROAD_002,234,49.9,Low,21.8,9.5,Good,28.7,0.0,8.0,13,Weekday,46.0155
2026-05-26 13:00:00,ROAD_003,233,51.8,Low,30.4,16.6,Moderate,28.7,0.0,8.0,13,Weekday,56.95726666666659
2026-05-26 14:00:00,ROAD_001,281,42.4,Low,27.3,26.0,Good,29.4,0.0,9.5,14,Weekday,42.8218
2026-05-26 14:00:00,ROAD_002,248,43.0,Low,28.6,16.4,Good,29.4,0.0,9.5,14,Weekday,42.663999999999994
2026-05-26 14:00:00,ROAD_003,225,50.7,Low,36.2,12.5,Moderate,29.4,0.0,9.5,14,Weekday,51.73899999999993
2026-05-26 15:00:00,ROAD_001,457,40.4,Low,45.1,20.7,Moderate,29.1,0.0,9.8,15,Weekday,37.72812380952379
2026-05-26 15:00:00,ROAD_002,471,42.5,Low,38.3,22.5,Moderate,29.1,0.0,9.8,15,Weekday,43.589999999999975
2026-05-26 15:00:00,ROAD_003,336,50.8,Low,36.5,17.9,Moderate,29.1,0.0,9.8,15,Weekday,51.90900000000007
2026-05-26 16:00:00,ROAD_001,707,37.5,Medium,49.5,39.6,Moderate,25.6,0.0,8.1,16,Weekday,36.13541666666665
2026-05-26 16:00:00,ROAD_002,550,41.7,Low,52.3,27.4,Moderate,25.6,0.0,8.1,16,Weekday,39.580999999999946
2026-05-26 16:00:00,ROAD_003,573,47.3,Low,33.9,28.8,Moderate,25.6,0.0,8.1,16,Weekday,48.08900000000005
2026-05-26 17:00:00,ROAD_001,1100,24.6,Medium,61.5,50.9,Poor,22.1,0.0,8.4,17,Weekday,30.55359999999997
2026-05-26 17:00:00,ROAD_002,881,33.4,Medium,55.8,42.8,Moderate,22.1,0.0,8.4,17,Weekday,33.39933333333336
2026-05-26 17:00:00,ROAD_003,688,46.4,Low,41.3,39.2,Moderate,22.1,0.0,8.4,17,Weekday,44.85300000000003
2026-05-26 18:00:00,ROAD_001,1190,25.8,Medium,66.1,47.6,Poor,21.4,0.0,9.6,18,Weekday,25.85933333333334
2026-05-26 18:00:00,ROAD_002,930,27.5,Medium,55.2,43.4,Moderate,21.4,0.0,9.6,18,Weekday,30.16524999999998
2026-05-26 18:00:00,ROAD_003,840,41.2,Low,48.4,33.6,Moderate,21.4,0.0,9.6,18,Weekday,42.81099999999996
2026-05-26 19:00:00,ROAD_001,1108,29.0,Medium,68.1,55.6,Poor,20.3,0.0,9.6,19,Weekday,28.426533333333342
2026-05-26 19:00:00,ROAD_002,894,33.3,Medium,53.6,35.8,Moderate,20.3,0.0,9.6,19,Weekday,31.058666666666692
2026-05-26 19:00:00,ROAD_003,678,45.8,Low,45.8,41.4,Moderate,20.3,0.0,9.6,19,Weekday,46.085
2026-05-26 20:00:00,ROAD_001,749,37.9,Medium,46.5,35.0,Moderate,19.7,0.0,8.1,20,Weekday,36.13800000000004
2026-05-26 20:00:00,ROAD_002,568,35.9,Medium,43.2,29.9,Moderate,19.7,0.0,8.1,20,Weekday,36.75460000000005
2026-05-26 20:00:00,ROAD_003,535,49.4,Low,37.3,37.3,Moderate,19.7,0.0,8.1,20,Weekday,47.45899999999999
2026-05-26 21:00:00,ROAD_001,451,42.7,Low,39.9,26.6,Moderate,16.2,0.0,9.7,21,Weekday,41.92449999999995
2026-05-26 21:00:00,ROAD_002,295,43.9,Low,34.4,22.4,Moderate,16.2,0.0,9.7,21,Weekday,43.07616666666668
2026-05-26 21:00:00,ROAD_003,329,48.0,Low,26.2,23.2,Good,16.2,0.0,9.7,21,Weekday,49.188999999999986
2026-05-26 22:00:00,ROAD_001,308,44.8,Low,28.9,16.8,Good,15.5,0.0,9.6,22,Weekday,44.36383333333336
2026-05-26 22:00:00,ROAD_002,171,47.7,Low,23.6,13.5,Good,15.5,0.0,9.6,22,Weekday,47.02346666666662
2026-05-26 22:00:00,ROAD_003,144,58.9,Low,20.2,17.3,Good,15.5,0.0,9.6,22,Weekday,54.30399999999996
2026-05-26 23:00:00,ROAD_001,229,44.6,Low,32.6,11.5,Moderate,14.4,0.0,8.9,23,Weekday,45.57469999999999
2026-05-26 23:00:00,ROAD_002,292,44.3,Low,27.7,19.4,Good,14.4,0.0,8.9,23,Weekday,45.49766666666673
2026-05-26 23:00:00,ROAD_003,154,59.9,Low,16.6,16.8,Good,14.4,0.0,8.9,23,Weekday,58.782999999999944
2026-05-27 00:00:00,ROAD_001,224,43.0,Low,38.0,19.5,Moderate,12.9,0.0,8.1,0,Weekday,45.545999999999985
2026-05-27 00:00:00,ROAD_002,224,48.7,Low,18.0,24.8,Good,12.9,0.0,8.1,0,Weekday,47.40299999999995
2026-05-27 00:00:00,ROAD_003,59,56.5,Low,15.4,14.4,Good,12.9,0.0,8.1,0,Weekday,57.572000000000024
2026-05-27 01:00:00,ROAD_001,248,44.3,Low,26.1,14.8,Good,14.9,0.0,8.0,1,Weekday,45.35300000000006
2026-05-27 01:00:00,ROAD_002,140,49.3,Low,24.8,21.2,Good,14.9,0.0,8.0,1,Weekday,47.54900000000006
2026-05-27 01:00:00,ROAD_003,128,59.4,Low,19.3,19.2,Good,14.9,0.0,8.0,1,Weekday,59.38999999999996
2026-05-27 02:00:00,ROAD_001,226,48.2,Low,28.4,15.2,Good,16.6,0.0,9.2,2,Weekday,47.03709047619042
2026-05-27 02:00:00,ROAD_002,147,46.1,Low,29.2,19.7,Good,16.6,0.0,9.2,2,Weekday,46.737999999999985
2026-05-27 02:00:00,ROAD_003,115,54.1,Low,26.5,9.5,Good,16.6,0.0,9.2,2,Weekday,56.80533333333334
2026-05-27 03:00:00,ROAD_001,263,42.7,Low,34.9,16.1,Moderate,18.1,0.0,8.1,3,Weekday,42.58533333333328
2026-05-27 03:00:00,ROAD_002,247,45.4,Low,27.4,10.8,Good,18.1,0.0,8.1,3,Weekday,46.00166666666666
2026-05-27 03:00:00,ROAD_003,73,57.8,Low,19.5,8.1,Good,18.1,0.0,8.1,3,Weekday,55.364000000000026
2026-05-27 04:00:00,ROAD_001,277,43.8,Low,31.4,15.0,Moderate,16.8,0.0,9.3,4,Weekday,45.09400000000007
2026-05-27 04:00:00,ROAD_002,198,50.8,Low,24.3,17.4,Good,16.8,0.0,9.3,4,Weekday,47.87600000000006
2026-05-27 04:00:00,ROAD_003,262,50.3,Low,30.8,25.8,Moderate,16.8,0.0,9.3,4,Weekday,52.36000000000006
2026-05-27 05:00:00,ROAD_001,320,45.0,Low,34.0,26.9,Moderate,18.8,0.5,5.6,5,Weekday,44.335
2026-05-27 05:00:00,ROAD_002,251,47.6,Low,23.6,21.8,Good,18.8,0.5,5.6,5,Weekday,46.165333333333365
2026-05-27 05:00:00,ROAD_003,211,56.2,Low,25.6,10.4,Good,18.8,0.5,5.6,5,Weekday,53.48799999999996
2026-05-27 06:00:00,ROAD_001,425,40.7,Low,34.9,26.8,Moderate,22.4,0.0,8.3,6,Weekday,40.7713
2026-05-27 06:00:00,ROAD_002,380,44.4,Low,33.1,14.4,Moderate,22.4,0.0,8.3,6,Weekday,43.45699603174603
2026-05-27 06:00:00,ROAD_003,301,54.0,Low,31.3,19.1,Moderate,22.4,0.0,8.3,6,Weekday,56.0643
2026-05-27 07:00:00,ROAD_001,685,34.7,Medium,29.2,28.2,Good,23.7,1.0,6.9,7,Weekday,35.28443333333331
2026-05-27 07:00:00,ROAD_002,523,38.3,Low,42.9,26.6,Moderate,23.7,1.0,6.9,7,Weekday,37.60166666666672
2026-05-27 07:00:00,ROAD_003,489,50.3,Low,35.7,28.2,Moderate,23.7,1.0,6.9,7,Weekday,49.29600000000005
2026-05-27 08:00:00,ROAD_001,1025,30.6,Medium,62.1,47.5,Poor,27.1,0.0,9.8,8,Weekday,29.997649999999958
2026-05-27 08:00:00,ROAD_002,853,29.6,Medium,52.8,38.0,Moderate,27.1,0.0,9.8,8,Weekday,30.6104222222222
2026-05-27 08:00:00,ROAD_003,590,46.7,Low,47.1,32.9,Moderate,27.1,0.0,9.8,8,Weekday,45.60879999999995
2026-05-27 09:00:00,ROAD_001,1105,27.4,Medium,67.3,45.5,Poor,27.0,0.0,10.0,9,Weekday,27.319000000000027
2026-05-27 09:00:00,ROAD_002,887,32.1,Medium,56.3,42.3,Moderate,27.0,0.0,10.0,9,Weekday,29.201641269841257
2026-05-27 09:00:00,ROAD_003,714,44.0,Low,62.9,38.6,Poor,27.0,0.0,10.0,9,Weekday,46.12560000000001
2026-05-27 10:00:00,ROAD_001,937,30.1,Medium,58.6,35.3,Moderate,30.6,0.0,8.5,10,Weekday,29.470208333333307
2026-05-27 10:00:00,ROAD_002,733,32.8,Medium,49.0,34.7,Moderate,30.6,0.0,8.5,10,Weekday,33.950333333333376
2026-05-27 10:00:00,ROAD_003,696,41.1,Low,42.6,40.4,Moderate,30.6,0.0,8.5,10,Weekday,48.73962222222221
2026-05-27 11:00:00,ROAD_001,765,32.0,Medium,48.9,35.7,Moderate,30.0,0.0,9.8,11,Weekday,33.35345
2026-05-27 11:00:00,ROAD_002,491,38.8,Low,41.5,29.3,Moderate,30.0,0.0,9.8,11,Weekday,37.51175000000004
2026-05-27 11:00:00,ROAD_003,480,48.9,Low,33.3,31.9,Moderate,30.0,0.0,9.8,11,Weekday,50.15499999999998
2026-05-27 12:00:00,ROAD_001,448,45.1,Low,40.0,20.5,Moderate,28.4,0.0,9.5,12,Weekday,43.789999999999964
2026-05-27 12:00:00,ROAD_002,320,45.1,Low,29.1,19.4,Good,28.4,0.0,9.5,12,Weekday,44.80499999999998
2026-05-27 12:00:00,ROAD_003,335,53.6,Low,30.3,24.8,Moderate,28.4,0.0,9.5,12,Weekday,54.20006666666668
2026-05-27 13:00:00,ROAD_001,290,45.9,Low,35.2,14.6,Moderate,29.5,0.0,9.5,13,Weekday,44.010999999999946
2026-05-27 13:00:00,ROAD_002,255,48.1,Low,32.3,18.2,Moderate,29.5,0.0,9.5,13,Weekday,46.73899999999997
2026-05-27 13:00:00,ROAD_003,185,59.0,Low,29.2,11.8,Good,29.5,0.0,9.5,13,Weekday,57.69299999999998
2026-05-27 14:00:00,ROAD_001,354,41.7,Low,34.3,19.5,Moderate,27.6,0.0,9.1,14,Weekday,41.407499999999956
2026-05-27 14:00:00,ROAD_002,190,44.8,Low,23.9,15.5,Good,27.6,0.0,9.1,14,Weekday,43.7918333333334
2026-05-27 14:00:00,ROAD_003,173,50.9,Low,20.2,19.6,Good,27.6,0.0,9.1,14,Weekday,52.11675000000003
2026-05-27 15:00:00,ROAD_001,520,42.7,Low,34.3,23.6,Moderate,26.4,0.0,9.9,15,Weekday,42.11428333333329
2026-05-27 15:00:00,ROAD_002,411,43.3,Low,35.5,16.3,Moderate,26.4,0.0,9.9,15,Weekday,41.78966666666665
2026-05-27 15:00:00,ROAD_003,278,54.1,Low,29.9,22.8,Good,26.4,0.0,9.9,15,Weekday,56.80498333333331
2026-05-27 16:00:00,ROAD_001,749,36.5,Medium,50.3,36.5,Moderate,26.8,0.0,9.9,16,Weekday,36.962999999999994
2026-05-27 16:00:00,ROAD_002,611,37.5,Medium,44.9,32.5,Moderate,26.8,0.0,9.9,16,Weekday,38.13566666666668
2026-05-27 16:00:00,ROAD_003,512,53.4,Low,39.4,25.3,Moderate,26.8,0.0,9.9,16,Weekday,52.981
2026-05-27 17:00:00,ROAD_001,1014,29.9,Medium,63.2,40.5,Poor,24.6,0.0,8.6,17,Weekday,26.94295238095239
2026-05-27 17:00:00,ROAD_002,866,30.1,Medium,51.5,44.1,Moderate,24.6,0.0,8.6,17,Weekday,31.665114285714296
2026-05-27 17:00:00,ROAD_003,733,44.7,Low,45.3,30.3,Moderate,24.6,0.0,8.6,17,Weekday,42.67802142857144
2026-05-27 18:00:00,ROAD_001,1171,27.8,Medium,67.3,49.8,Poor,23.0,0.0,9.2,18,Weekday,24.480550000000008
2026-05-27 18:00:00,ROAD_002,1017,26.6,Medium,59.0,46.1,Moderate,23.0,0.0,9.2,18,Weekday,28.834266666666654
2026-05-27 18:00:00,ROAD_003,780,45.8,Low,59.4,34.3,Moderate,23.0,0.0,9.2,18,Weekday,44.754528571428644
2026-05-27 19:00:00,ROAD_001,1052,26.1,Medium,63.4,47.4,Poor,19.7,0.0,8.9,19,Weekday,26.629999999999978
2026-05-27 19:00:00,ROAD_002,817,27.5,Medium,53.2,39.1,Moderate,19.7,0.0,8.9,19,Weekday,28.38083333333334
2026-05-27 19:00:00,ROAD_003,688,40.7,Low,48.3,39.2,Moderate,19.7,0.0,8.9,19,Weekday,42.71399999999997
2026-05-27 20:00:00,ROAD_001,747,30.3,Medium,53.9,36.5,Moderate,18.5,0.0,8.2,20,Weekday,32.60300000000004
2026-05-27 20:00:00,ROAD_002,551,37.6,Medium,42.1,28.0,Moderate,18.5,0.0,8.2,20,Weekday,35.22116666666671
2026-05-27 20:00:00,ROAD_003,486,46.2,Low,39.7,24.4,Moderate,18.5,0.0,8.2,20,Weekday,48.06299999999994
2026-05-27 21:00:00,ROAD_001,506,38.3,Low,46.5,29.4,Moderate,15.7,0.0,8.9,21,Weekday,42.94099999999999
2026-05-27 21:00:00,ROAD_002,403,41.2,Low,32.8,23.1,Moderate,15.7,0.0,8.9,21,Weekday,41.801166666666624
2026-05-27 21:00:00,ROAD_003,299,55.4,Low,23.8,16.2,Good,15.7,0.0,8.9,21,Weekday,54.68799999999997
2026-05-27 22:00:00,ROAD_001,335,43.9,Low,24.8,24.2,Good,14.8,0.0,9.2,22,Weekday,42.353750000000026
2026-05-27 22:00:00,ROAD_002,257,45.3,Low,21.7,19.6,Good,14.8,0.0,9.2,22,Weekday,45.5857333333334
2026-05-27 22:00:00,ROAD_003,192,53.7,Low,27.3,10.6,Good,14.8,0.0,9.2,22,Weekday,53.571200000000005
2026-05-27 23:00:00,ROAD_001,222,42.9,Low,23.9,18.9,Good,15.3,0.0,9.6,23,Weekday,43.30780000000002
2026-05-27 23:00:00,ROAD_002,208,47.0,Low,33.2,15.2,Moderate,15.3,0.0,9.6,23,Weekday,47.083999999999996
2026-05-27 23:00:00,ROAD_003,103,60.3,Low,28.1,15.2,Good,15.3,0.0,9.6,23,Weekday,58.57000000000006
2026-05-28 00:00:00,ROAD_001,255,41.2,Low,23.6,12.5,Good,13.8,0.6,2.0,0,Weekday,41.93499999999997
2026-05-28 00:00:00,ROAD_002,208,40.6,Low,25.3,13.6,Good,13.8,0.6,2.0,0,Weekday,41.206999999999944
2026-05-28 00:00:00,ROAD_003,50,60.4,Low,18.5,16.4,Good,13.8,0.6,2.0,0,Weekday,55.90899999999992
2026-05-28 01:00:00,ROAD_001,296,46.2,Low,23.4,19.2,Good,16.1,2.1,3.4,1,Weekday,44.52899999999997
2026-05-28 01:00:00,ROAD_002,160,43.1,Low,17.0,13.8,Good,16.1,2.1,3.4,1,Weekday,43.727999999999966
2026-05-28 01:00:00,ROAD_003,173,54.9,Low,19.8,8.7,Good,16.1,2.1,3.4,1,Weekday,52.566000000000024
2026-05-28 02:00:00,ROAD_001,174,39.3,Low,17.6,9.7,Good,16.5,1.6,2.7,2,Weekday,41.87200000000004
2026-05-28 02:00:00,ROAD_002,186,46.4,Low,18.8,13.4,Good,16.5,1.6,2.7,2,Weekday,44.99500000000003
2026-05-28 02:00:00,ROAD_003,148,57.6,Low,24.9,14.9,Good,16.5,1.6,2.7,2,Weekday,56.456333333333376
2026-05-28 03:00:00,ROAD_001,263,47.5,Low,22.9,23.9,Good,18.0,1.0,2.4,3,Weekday,46.896
2026-05-28 03:00:00,ROAD_002,175,48.8,Low,25.0,11.3,Good,18.0,1.0,2.4,3,Weekday,47.56700000000005
2026-05-28 03:00:00,ROAD_003,174,54.7,Low,24.0,14.0,Good,18.0,1.0,2.4,3,Weekday,55.01399999999996
2026-05-28 04:00:00,ROAD_001,287,37.9,Medium,28.5,14.2,Good,19.2,3.8,3.0,4,Weekday,38.867999999999945
2026-05-28 04:00:00,ROAD_002,151,40.6,Low,12.5,5.4,Good,19.2,3.8,3.0,4,Weekday,41.69599999999998
2026-05-28 04:00:00,ROAD_003,193,54.6,Low,10.5,16.1,Good,19.2,3.8,3.0,4,Weekday,54.09800000000002
2026-05-28 05:00:00,ROAD_001,304,40.7,Low,30.1,24.4,Moderate,21.2,2.2,2.2,5,Weekday,39.85899999999994
2026-05-28 05:00:00,ROAD_002,226,44.4,Low,24.6,19.6,Good,21.2,2.2,2.2,5,Weekday,41.95600000000003
2026-05-28 05:00:00,ROAD_003,223,46.2,Low,19.9,10.5,Good,21.2,2.2,2.2,5,Weekday,49.13179999999994
2026-05-28 06:00:00,ROAD_001,387,37.7,Medium,26.2,30.0,Moderate,23.4,3.6,3.7,6,Weekday,35.39600000000003
2026-05-28 06:00:00,ROAD_002,328,37.0,Medium,18.9,16.6,Good,23.4,3.6,3.7,6,Weekday,36.674
2026-05-28 06:00:00,ROAD_003,285,46.0,Low,23.0,14.8,Good,23.4,3.6,3.7,6,Weekday,46.99100000000001
2026-05-28 07:00:00,ROAD_001,641,36.6,Medium,40.5,33.1,Moderate,24.2,1.8,5.0,7,Weekday,33.273333333333355
2026-05-28 07:00:00,ROAD_002,551,39.0,Low,37.7,24.4,Moderate,24.2,1.8,5.0,7,Weekday,36.058
2026-05-28 07:00:00,ROAD_003,454,47.1,Low,34.3,19.0,Moderate,24.2,1.8,5.0,7,Weekday,46.832
2026-05-28 08:00:00,ROAD_001,880,20.2,Heavy,21.7,27.0,Good,27.3,14.7,3.9,8,Weekday,17.14200000000002
2026-05-28 08:00:00,ROAD_002,736,13.4,Heavy,14.7,6.8,Good,27.3,14.7,3.9,8,Weekday,14.997000000000016
2026-05-28 08:00:00,ROAD_003,625,24.8,Medium,12.6,15.2,Good,27.3,14.7,3.9,8,Weekday,26.197000000000006
2026-05-28 09:00:00,ROAD_001,1010,11.7,Heavy,39.3,32.8,Moderate,27.3,10.1,2.1,9,Weekday,17.420999999999992
2026-05-28 09:00:00,ROAD_002,840,20.8,Heavy,32.1,27.4,Moderate,27.3,10.1,2.1,9,Weekday,18.67999999999997
2026-05-28 09:00:00,ROAD_003,736,27.2,Medium,30.2,22.2,Moderate,27.3,10.1,2.1,9,Weekday,28.048999999999978
2026-05-28 10:00:00,ROAD_001,1025,22.7,Medium,57.6,37.7,Moderate,30.9,2.8,2.9,10,Weekday,28.658749999999976
2026-05-28 10:00:00,ROAD_002,759,33.4,Medium,45.4,37.9,Moderate,30.9,2.8,2.9,10,Weekday,33.62033333333338
2026-05-28 10:00:00,ROAD_003,680,35.4,Medium,34.0,31.5,Moderate,30.9,2.8,2.9,10,Weekday,42.07925000000002
2026-05-28 11:00:00,ROAD_001,679,29.9,Medium,30.4,26.3,Moderate,29.3,7.2,3.4,11,Weekday,24.127999999999982
2026-05-28 11:00:00,ROAD_002,624,25.0,Medium,38.9,31.2,Moderate,29.3,7.2,3.4,11,Weekday,24.773000000000003
2026-05-28 11:00:00,ROAD_003,450,38.1,Low,24.3,15.7,Good,29.3,7.2,3.4,11,Weekday,40.39299999999997
2026-05-28 12:00:00,ROAD_001,423,22.1,Medium,10.9,11.4,Good,30.2,10.8,3.4,12,Weekday,22.41999999999997
2026-05-28 12:00:00,ROAD_002,411,26.1,Medium,19.0,8.6,Good,30.2,10.8,3.4,12,Weekday,26.229999999999965
2026-05-28 12:00:00,ROAD_003,238,43.2,Low,6.3,3.0,Good,30.2,10.8,3.4,12,Weekday,40.06699999999995
2026-05-28 13:00:00,ROAD_001,383,23.6,Medium,15.3,9.8,Good,27.8,13.1,4.7,13,Weekday,20.948999999999987
2026-05-28 13:00:00,ROAD_002,311,22.9,Medium,5.0,8.8,Good,27.8,13.1,4.7,13,Weekday,22.727000000000025
2026-05-28 13:00:00,ROAD_003,279,36.7,Medium,5.0,9.6,Good,27.8,13.1,4.7,13,Weekday,30.98399999999999
2026-05-28 14:00:00,ROAD_001,332,33.2,Medium,18.3,14.5,Good,29.0,7.9,3.7,14,Weekday,33.26399999999999
2026-05-28 14:00:00,ROAD_002,313,36.4,Medium,18.8,12.3,Good,29.0,7.9,3.7,14,Weekday,34.64600000000003
2026-05-28 14:00:00,ROAD_003,214,44.0,Low,7.5,12.5,Good,29.0,7.9,3.7,14,Weekday,44.478
2026-05-28 15:00:00,ROAD_001,445,35.2,Medium,24.4,18.5,Good,27.4,5.3,5.5,15,Weekday,33.08099999999996
2026-05-28 15:00:00,ROAD_002,401,32.5,Medium,20.3,10.9,Good,27.4,5.3,5.5,15,Weekday,32.74100000000001
2026-05-28 15:00:00,ROAD_003,303,44.3,Low,15.5,15.9,Good,27.4,5.3,5.5,15,Weekday,43.50000000000004
2026-05-28 16:00:00,ROAD_001,744,19.0,Heavy,29.9,22.4,Good,26.7,10.4,5.7,16,Weekday,18.9
2026-05-28 16:00:00,ROAD_002,657,24.8,Medium,19.1,27.6,Good,26.7,10.4,5.7,16,Weekday,24.158999999999995
2026-05-28 16:00:00,ROAD_003,485,40.3,Low,14.6,17.3,Good,26.7,10.4,5.7,16,Weekday,34.05000000000001
2026-05-28 17:00:00,ROAD_001,1014,20.3,Heavy,52.2,33.9,Moderate,25.3,5.8,5.5,17,Weekday,19.25733333333332
2026-05-28 17:00:00,ROAD_002,925,20.9,Heavy,51.3,33.3,Moderate,25.3,5.8,5.5,17,Weekday,21.89660000000004
2026-05-28 17:00:00,ROAD_003,664,36.1,Medium,32.8,24.7,Moderate,25.3,5.8,5.5,17,Weekday,37.77999999999995
2026-05-28 18:00:00,ROAD_001,1173,10.0,Heavy,41.2,30.2,Moderate,20.8,13.7,3.0,18,Weekday,10.012
2026-05-28 18:00:00,ROAD_002,989,10.0,Heavy,21.4,27.4,Good,20.8,13.7,3.0,18,Weekday,10.351999999999999
2026-05-28 18:00:00,ROAD_003,828,21.8,Heavy,26.1,24.5,Good,20.8,13.7,3.0,18,Weekday,23.087000000000003
2026-05-28 19:00:00,ROAD_001,1119,10.7,Heavy,25.9,31.1,Moderate,19.5,13.5,3.3,19,Weekday,10.852000000000016
2026-05-28 19:00:00,ROAD_002,948,10.0,Heavy,28.2,25.8,Good,19.5,13.5,3.3,19,Weekday,13.475000000000007
2026-05-28 19:00:00,ROAD_003,660,20.9,Heavy,23.0,9.5,Good,19.5,13.5,3.3,19,Weekday,21.990000000000023
2026-05-28 20:00:00,ROAD_001,767,29.9,Medium,47.4,31.5,Moderate,19.6,3.0,2.7,20,Weekday,31.67700000000005
2026-05-28 20:00:00,ROAD_002,646,34.0,Medium,42.9,21.5,Moderate,19.6,3.0,2.7,20,Weekday,33.739733333333355
2026-05-28 20:00:00,ROAD_003,517,47.4,Low,30.2,22.3,Moderate,19.6,3.0,2.7,20,Weekday,47.367999999999995
2026-05-28 21:00:00,ROAD_001,505,29.3,Medium,22.9,24.0,Good,15.2,3.7,2.1,21,Weekday,31.979000000000028
2026-05-28 21:00:00,ROAD_002,369,34.9,Medium,15.4,18.6,Good,15.2,3.7,2.1,21,Weekday,34.10933333333337
2026-05-28 21:00:00,ROAD_003,309,50.0,Low,21.8,15.8,Good,15.2,3.7,2.1,21,Weekday,49.87300000000001
2026-05-28 22:00:00,ROAD_001,372,40.8,Low,27.7,22.0,Good,14.2,1.7,4.6,22,Weekday,42.48799999999997
2026-05-28 22:00:00,ROAD_002,244,36.3,Medium,17.7,16.5,Good,14.2,1.7,4.6,22,Weekday,45.230999999999995
2026-05-28 22:00:00,ROAD_003,171,52.6,Low,21.7,14.5,Good,14.2,1.7,4.6,22,Weekday,54.01799999999996
2026-05-28 23:00:00,ROAD_001,225,44.3,Low,14.9,7.8,Good,14.7,4.0,3.5,23,Weekday,42.63020000000002
2026-05-28 23:00:00,ROAD_002,223,37.9,Medium,12.9,8.6,Good,14.7,4.0,3.5,23,Weekday,40.57400000000002
2026-05-28 23:00:00,ROAD_003,282,47.4,Low,10.1,21.0,Good,14.7,4.0,3.5,23,Weekday,48.489
2026-05-29 00:00:00,ROAD_001,202,47.8,Low,22.9,9.4,Good,15.0,0.0,8.4,0,Weekday,46.36266666666671
2026-05-29 00:00:00,ROAD_002,271,43.1,Low,34.7,24.6,Moderate,15.0,0.0,8.4,0,Weekday,44.25566666666666
2026-05-29 00:00:00,ROAD_003,119,60.6,Low,17.1,6.7,Good,15.0,0.0,8.4,0,Weekday,58.42630000000002
2026-05-29 01:00:00,ROAD_001,223,46.5,Low,22.7,16.6,Good,16.2,0.0,8.6,1,Weekday,45.72699999999999
2026-05-29 01:00:00,ROAD_002,245,45.2,Low,21.8,21.4,Good,16.2,0.0,8.6,1,Weekday,45.72599999999994
2026-05-29 01:00:00,ROAD_003,167,49.0,Low,24.7,17.4,Good,16.2,0.0,8.6,1,Weekday,51.395000000000024
2026-05-29 02:00:00,ROAD_001,213,46.6,Low,16.8,19.1,Good,15.1,0.0,9.8,2,Weekday,45.28573333333331
2026-05-29 02:00:00,ROAD_002,278,41.2,Low,23.7,16.9,Good,15.1,0.0,9.8,2,Weekday,44.546499999999966
2026-05-29 02:00:00,ROAD_003,165,53.4,Low,24.5,19.2,Good,15.1,0.0,9.8,2,Weekday,54.24099999999995
2026-05-29 03:00:00,ROAD_001,282,46.9,Low,31.8,21.4,Moderate,16.6,0.0,8.6,3,Weekday,47.105
2026-05-29 03:00:00,ROAD_002,211,48.7,Low,34.1,13.6,Moderate,16.6,0.0,8.6,3,Weekday,47.58299999999995
2026-05-29 03:00:00,ROAD_003,204,55.5,Low,23.5,11.0,Good,16.6,0.0,8.6,3,Weekday,56.8165
2026-05-29 04:00:00,ROAD_001,236,41.8,Low,23.4,16.6,Good,17.6,0.0,8.3,4,Weekday,41.758000000000045
2026-05-29 04:00:00,ROAD_002,216,40.7,Low,17.5,19.0,Good,17.6,0.0,8.3,4,Weekday,43.57083333333327
2026-05-29 04:00:00,ROAD_003,138,60.3,Low,22.3,17.3,Good,17.6,0.0,8.3,4,Weekday,58.405000000000044
2026-05-29 05:00:00,ROAD_001,266,40.6,Low,26.7,17.0,Good,21.2,0.0,9.6,5,Weekday,42.10009999999997
2026-05-29 05:00:00,ROAD_002,278,46.2,Low,27.8,23.0,Good,21.2,0.0,9.6,5,Weekday,45.01950000000004
2026-05-29 05:00:00,ROAD_003,211,53.0,Low,23.5,17.9,Good,21.2,0.0,9.6,5,Weekday,57.23278333333338
2026-05-29 06:00:00,ROAD_001,452,42.8,Low,38.4,24.5,Moderate,22.4,0.0,8.0,6,Weekday,40.7713
2026-05-29 06:00:00,ROAD_002,378,43.6,Low,27.0,23.9,Good,22.4,0.0,8.0,6,Weekday,43.45699603174603
2026-05-29 06:00:00,ROAD_003,206,57.2,Low,27.6,20.2,Good,22.4,0.0,8.0,6,Weekday,56.0643
2026-05-29 07:00:00,ROAD_001,667,37.0,Medium,52.1,39.0,Moderate,25.8,0.0,9.6,7,Weekday,36.05319999999999
2026-05-29 07:00:00,ROAD_002,567,38.6,Low,46.1,23.8,Moderate,25.8,0.0,9.6,7,Weekday,39.65883333333334
2026-05-29 07:00:00,ROAD_003,442,54.8,Low,39.8,26.9,Moderate,25.8,0.0,9.6,7,Weekday,51.091247619047664
2026-05-29 08:00:00,ROAD_001,944,29.0,Medium,60.1,35.9,Poor,24.7,0.0,8.4,8,Weekday,30.57456666666668
2026-05-29 08:00:00,ROAD_002,862,29.2,Medium,43.2,40.1,Moderate,24.7,0.0,8.4,8,Weekday,30.062399999999975
2026-05-29 08:00:00,ROAD_003,622,46.5,Low,44.6,34.3,Moderate,24.7,0.0,8.4,8,Weekday,45.851326190476165
2026-05-29 09:00:00,ROAD_001,1147,24.0,Medium,70.5,53.0,Poor,25.9,0.0,8.2,9,Weekday,24.885666666666683
2026-05-29 09:00:00,ROAD_002,794,31.0,Medium,44.3,39.6,Moderate,25.9,0.0,8.2,9,Weekday,30.638750000000005
2026-05-29 09:00:00,ROAD_003,733,45.8,Low,46.5,34.8,Moderate,25.9,0.0,8.2,9,Weekday,49.50333333333332
2026-05-29 10:00:00,ROAD_001,954,28.9,Medium,61.8,39.1,Poor,28.1,0.0,10.0,10,Weekday,27.838050000000006
2026-05-29 10:00:00,ROAD_002,765,34.4,Medium,47.6,32.3,Moderate,28.1,0.0,10.0,10,Weekday,31.144650000000006
2026-05-29 10:00:00,ROAD_003,658,44.6,Low,40.4,32.3,Moderate,28.1,0.0,10.0,10,Weekday,45.12033333333335
2026-05-29 11:00:00,ROAD_001,668,34.5,Medium,42.5,37.4,Moderate,28.1,0.0,9.0,11,Weekday,37.74200000000005
2026-05-29 11:00:00,ROAD_002,584,32.7,Medium,45.7,32.5,Moderate,28.1,0.0,9.0,11,Weekday,34.11060000000002
2026-05-29 11:00:00,ROAD_003,473,52.8,Low,36.4,29.0,Moderate,28.1,0.0,9.0,11,Weekday,53.2747500000001
2026-05-29 12:00:00,ROAD_001,423,43.7,Low,35.1,19.3,Moderate,31.9,0.0,9.8,12,Weekday,42.66099999999996
2026-05-29 12:00:00,ROAD_002,409,41.1,Low,32.1,22.5,Moderate,31.9,0.0,9.8,12,Weekday,40.72399999999994
2026-05-29 12:00:00,ROAD_003,279,54.9,Low,22.6,13.5,Good,31.9,0.0,9.8,12,Weekday,55.792999999999964
2026-05-29 13:00:00,ROAD_001,316,46.8,Low,28.9,24.4,Good,28.4,0.0,9.2,13,Weekday,45.45416666666671
2026-05-29 13:00:00,ROAD_002,241,43.7,Low,25.9,17.8,Good,28.4,0.0,9.2,13,Weekday,44.08583333333329
2026-05-29 13:00:00,ROAD_003,205,53.1,Low,16.3,19.7,Good,28.4,0.0,9.2,13,Weekday,56.19520000000002
2026-05-29 14:00:00,ROAD_001,344,42.3,Low,36.0,16.8,Moderate,30.0,0.0,8.4,14,Weekday,42.323000000000064
2026-05-29 14:00:00,ROAD_002,269,43.8,Low,27.9,25.6,Good,30.0,0.0,8.4,14,Weekday,43.15975000000005
2026-05-29 14:00:00,ROAD_003,214,57.8,Low,23.9,21.8,Good,30.0,0.0,8.4,14,Weekday,56.49600000000007
2026-05-29 15:00:00,ROAD_001,500,38.6,Low,35.5,29.4,Moderate,29.5,0.0,10.0,15,Weekday,38.865871428571374
2026-05-29 15:00:00,ROAD_002,365,43.0,Low,29.6,24.2,Good,29.5,0.0,10.0,15,Weekday,42.892999999999994
2026-05-29 15:00:00,ROAD_003,306,51.5,Low,34.3,21.7,Moderate,29.5,0.0,10.0,15,Weekday,52.112000000000016
2026-05-29 16:00:00,ROAD_001,679,42.1,Low,45.7,25.9,Moderate,25.8,0.0,9.9,16,Weekday,34.90258333333334
2026-05-29 16:00:00,ROAD_002,669,33.8,Medium,50.3,33.9,Moderate,25.8,0.0,9.9,16,Weekday,36.29800000000001
2026-05-29 16:00:00,ROAD_003,434,51.7,Low,35.5,29.8,Moderate,25.8,0.0,9.9,16,Weekday,48.32036666666671
2026-05-29 17:00:00,ROAD_001,1098,25.9,Medium,73.0,47.0,Poor,24.6,0.0,8.4,17,Weekday,26.94295238095239
2026-05-29 17:00:00,ROAD_002,873,29.3,Medium,51.8,37.5,Moderate,24.6,0.0,8.4,17,Weekday,31.665114285714296
2026-05-29 17:00:00,ROAD_003,752,40.3,Low,52.9,39.6,Moderate,24.6,0.0,8.4,17,Weekday,42.67802142857144
2026-05-29 18:00:00,ROAD_001,1158,25.4,Medium,70.1,50.9,Poor,23.2,0.0,9.0,18,Weekday,25.07780000000003
2026-05-29 18:00:00,ROAD_002,1014,33.0,Medium,63.5,46.3,Poor,23.2,0.0,9.0,18,Weekday,31.84939999999999
2026-05-29 18:00:00,ROAD_003,726,42.5,Low,45.6,27.5,Moderate,23.2,0.0,9.0,18,Weekday,42.27706666666668
2026-05-29 19:00:00,ROAD_001,1053,29.6,Medium,61.4,47.8,Poor,18.5,0.0,8.8,19,Weekday,25.181333333333306
2026-05-29 19:00:00,ROAD_002,865,32.1,Medium,56.2,46.2,Moderate,18.5,0.0,8.8,19,Weekday,31.542999999999957
2026-05-29 19:00:00,ROAD_003,684,46.2,Low,50.1,28.2,Moderate,18.5,0.0,8.8,19,Weekday,46.073999999999934
2026-05-29 20:00:00,ROAD_001,677,37.0,Medium,42.6,32.1,Moderate,18.4,0.0,9.1,20,Weekday,36.745500000000014
2026-05-29 20:00:00,ROAD_002,635,39.9,Low,41.2,30.4,Moderate,18.4,0.0,9.1,20,Weekday,38.28866666666671
2026-05-29 20:00:00,ROAD_003,512,51.0,Low,33.0,34.8,Moderate,18.4,0.0,9.1,20,Weekday,50.40149999999998
2026-05-29 21:00:00,ROAD_001,441,43.7,Low,37.1,27.9,Moderate,18.3,0.0,8.5,21,Weekday,38.64720000000002
2026-05-29 21:00:00,ROAD_002,364,37.2,Medium,31.3,22.7,Moderate,18.3,0.0,8.5,21,Weekday,36.173850000000016
2026-05-29 21:00:00,ROAD_003,273,57.1,Low,27.0,16.3,Good,18.3,0.0,8.5,21,Weekday,51.99989999999999
2026-05-29 22:00:00,ROAD_001,285,47.8,Low,39.0,15.6,Moderate,16.2,0.0,9.6,22,Weekday,41.060750000000006
2026-05-29 22:00:00,ROAD_002,254,45.7,Low,37.8,16.0,Moderate,16.2,0.0,9.6,22,Weekday,47.879783333333314
2026-05-29 22:00:00,ROAD_003,171,53.6,Low,28.8,13.2,Good,16.2,0.0,9.6,22,Weekday,52.33958095238096
2026-05-29 23:00:00,ROAD_001,269,47.6,Low,27.6,20.4,Good,12.7,0.0,9.2,23,Weekday,43.536000000000065
2026-05-29 23:00:00,ROAD_002,210,41.7,Low,23.5,17.6,Good,12.7,0.0,9.2,23,Weekday,44.525999999999996
2026-05-29 23:00:00,ROAD_003,153,52.1,Low,16.2,15.2,Good,12.7,0.0,9.2,23,Weekday,57.684
2026-05-30 00:00:00,ROAD_001,384,39.8,Low,30.4,19.3,Moderate,14.4,0.0,9.3,0,Weekend,40.25900000000004
2026-05-30 00:00:00,ROAD_002,358,49.0,Low,27.6,17.8,Good,14.4,0.0,9.3,0,Weekend,46.475000000000016
2026-05-30 00:00:00,ROAD_003,301,54.7,Low,30.2,26.9,Moderate,14.4,0.0,9.3,0,Weekend,54.72899999999992
2026-05-30 01:00:00,ROAD_001,473,40.3,Low,34.5,36.4,Moderate,13.7,0.0,8.7,1,Weekend,39.83200000000005
2026-05-30 01:00:00,ROAD_002,387,40.3,Low,33.0,27.4,Moderate,13.7,0.0,8.7,1,Weekend,40.67566666666672
2026-05-30 01:00:00,ROAD_003,290,53.5,Low,33.0,24.4,Moderate,13.7,0.0,8.7,1,Weekend,52.42756666666665
2026-05-30 02:00:00,ROAD_001,679,31.6,Medium,37.1,36.9,Moderate,15.1,0.0,9.2,2,Weekend,33.09999999999996
2026-05-30 02:00:00,ROAD_002,554,37.8,Medium,37.4,26.1,Moderate,15.1,0.0,9.2,2,Weekend,37.31300000000005
2026-05-30 02:00:00,ROAD_003,353,56.1,Low,29.0,23.6,Good,15.1,0.0,9.2,2,Weekend,54.707666666666704
2026-05-30 03:00:00,ROAD_001,646,39.5,Low,47.0,27.2,Moderate,14.6,0.0,9.5,3,Weekend,38.21800000000002
2026-05-30 03:00:00,ROAD_002,610,37.3,Medium,40.2,19.7,Moderate,14.6,0.0,9.5,3,Weekend,37.998000000000054
2026-05-30 03:00:00,ROAD_003,453,51.5,Low,32.6,25.0,Moderate,14.6,0.0,9.5,3,Weekend,52.348
2026-05-30 04:00:00,ROAD_001,867,31.7,Medium,43.5,39.6,Moderate,16.8,0.0,8.1,4,Weekend,33.786245238095255
2026-05-30 04:00:00,ROAD_002,677,33.4,Medium,49.1,27.8,Moderate,16.8,0.0,8.1,4,Weekend,35.32780000000004
2026-05-30 04:00:00,ROAD_003,533,44.5,Low,37.5,31.5,Moderate,16.8,0.0,8.1,4,Weekend,47.12999999999999
2026-05-30 05:00:00,ROAD_001,833,31.7,Medium,52.2,39.2,Moderate,21.4,0.2,5.1,5,Weekend,31.84799999999996
2026-05-30 05:00:00,ROAD_002,727,36.7,Medium,54.4,35.9,Moderate,21.4,0.2,5.1,5,Weekend,36.28699999999999
2026-05-30 05:00:00,ROAD_003,493,52.0,Low,43.5,36.9,Moderate,21.4,0.2,5.1,5,Weekend,50.73700000000001
2026-05-30 06:00:00,ROAD_001,815,30.0,Medium,46.6,36.3,Moderate,23.1,1.5,5.8,6,Weekend,29.725000000000005
2026-05-30 06:00:00,ROAD_002,724,27.9,Medium,39.6,38.4,Moderate,23.1,1.5,5.8,6,Weekend,29.95600000000003
2026-05-30 06:00:00,ROAD_003,596,43.4,Low,47.1,33.0,Moderate,23.1,1.5,5.8,6,Weekend,45.25900000000001
2026-05-30 07:00:00,ROAD_001,704,31.2,Medium,51.6,31.5,Moderate,26.0,0.0,9.0,7,Weekend,33.370999999999974
2026-05-30 07:00:00,ROAD_002,568,41.1,Low,31.1,23.8,Moderate,26.0,0.0,9.0,7,Weekend,40.18999999999995
2026-05-30 07:00:00,ROAD_003,479,50.9,Low,39.0,25.6,Moderate,26.0,0.0,9.0,7,Weekend,49.68666666666669
2026-05-30 08:00:00,ROAD_001,622,36.6,Medium,34.2,35.8,Moderate,24.4,0.0,9.2,8,Weekend,35.66899999999995
2026-05-30 08:00:00,ROAD_002,529,39.7,Low,39.0,21.4,Moderate,24.4,0.0,9.2,8,Weekend,38.19599999999996
2026-05-30 08:00:00,ROAD_003,430,55.5,Low,28.8,30.4,Moderate,24.4,0.0,9.2,8,Weekend,52.30600000000001
2026-05-30 09:00:00,ROAD_001,464,36.1,Medium,35.6,28.0,Moderate,28.4,0.0,8.6,9,Weekend,39.181533333333334
2026-05-30 09:00:00,ROAD_002,347,43.9,Low,33.8,24.8,Moderate,28.4,0.0,8.6,9,Weekend,42.89195000000001
2026-05-30 09:00:00,ROAD_003,338,49.3,Low,29.6,23.2,Good,28.4,0.0,8.6,9,Weekend,50.51750000000005
2026-05-30 10:00:00,ROAD_001,450,40.6,Low,37.4,22.0,Moderate,27.7,0.0,8.2,10,Weekend,40.108142857142816
2026-05-30 10:00:00,ROAD_002,280,40.3,Low,25.5,28.0,Good,27.7,0.0,8.2,10,Weekend,39.37739999999999
2026-05-30 10:00:00,ROAD_003,245,56.0,Low,28.8,14.2,Good,27.7,0.0,8.2,10,Weekend,56.08489999999996
2026-05-30 11:00:00,ROAD_001,377,36.2,Medium,34.9,21.0,Moderate,28.7,0.0,9.7,11,Weekend,38.442999999999955
2026-05-30 11:00:00,ROAD_002,279,45.4,Low,35.2,19.0,Moderate,28.7,0.0,9.7,11,Weekend,44.186000000000014
2026-05-30 11:00:00,ROAD_003,287,49.7,Low,28.6,17.9,Good,28.7,0.0,9.7,11,Weekend,52.756449999999965
2026-05-30 12:00:00,ROAD_001,338,40.3,Low,22.0,16.6,Good,31.3,0.0,8.3,12,Weekend,38.230100000000014
2026-05-30 12:00:00,ROAD_002,346,42.0,Low,31.7,29.4,Moderate,31.3,0.0,8.3,12,Weekend,40.90050000000001
2026-05-30 12:00:00,ROAD_003,249,56.7,Low,26.3,29.8,Good,31.3,0.0,8.3,12,Weekend,56.407499999999956
2026-05-30 13:00:00,ROAD_001,506,37.2,Medium,40.6,27.5,Moderate,29.6,0.0,9.0,13,Weekend,37.19999999999996
2026-05-30 13:00:00,ROAD_002,434,37.6,Medium,35.4,27.1,Moderate,29.6,0.0,9.0,13,Weekend,39.032999999999966
2026-05-30 13:00:00,ROAD_003,325,53.7,Low,35.6,14.7,Moderate,29.6,0.0,9.0,13,Weekend,54.73999999999994
2026-05-30 14:00:00,ROAD_001,630,34.4,Medium,31.0,35.2,Moderate,29.1,0.0,8.3,14,Weekend,35.71805714285718
2026-05-30 14:00:00,ROAD_002,489,40.9,Low,44.1,28.6,Moderate,29.1,0.0,8.3,14,Weekend,40.556133333333385
2026-05-30 14:00:00,ROAD_003,406,51.4,Low,27.5,23.3,Good,29.1,0.0,8.3,14,Weekend,51.67583333333332
2026-05-30 15:00:00,ROAD_001,713,38.9,Low,39.4,37.4,Moderate,28.4,0.0,8.9,15,Weekend,36.35225000000005
2026-05-30 15:00:00,ROAD_002,536,40.0,Low,39.0,31.2,Moderate,28.4,0.0,8.9,15,Weekend,39.835141666666686
2026-05-30 15:00:00,ROAD_003,439,49.2,Low,38.1,23.3,Moderate,28.4,0.0,8.9,15,Weekend,50.55353333333326
2026-05-30 16:00:00,ROAD_001,790,32.6,Medium,50.6,36.8,Moderate,27.7,0.0,9.2,16,Weekend,32.22799999999995
2026-05-30 16:00:00,ROAD_002,702,34.3,Medium,43.7,38.2,Moderate,27.7,0.0,9.2,16,Weekend,34.48333333333335
2026-05-30 16:00:00,ROAD_003,521,47.5,Low,26.0,24.1,Good,27.7,0.0,9.2,16,Weekend,50.24616666666671
2026-05-30 17:00:00,ROAD_001,811,36.1,Medium,47.6,35.6,Moderate,22.8,0.0,8.6,17,Weekend,34.22099999999995
2026-05-30 17:00:00,ROAD_002,706,32.0,Medium,54.6,37.9,Moderate,22.8,0.0,8.6,17,Weekend,33.389999999999986
2026-05-30 17:00:00,ROAD_003,513,52.4,Low,44.2,23.4,Moderate,22.8,0.0,8.6,17,Weekend,51.164999999999985
2026-05-30 18:00:00,ROAD_001,751,32.0,Medium,46.8,38.3,Moderate,20.9,0.0,8.7,18,Weekend,32.86999999999999
2026-05-30 18:00:00,ROAD_002,676,35.5,Medium,43.0,28.4,Moderate,20.9,0.0,8.7,18,Weekend,35.17400000000001
2026-05-30 18:00:00,ROAD_003,562,50.0,Low,37.2,25.3,Moderate,20.9,0.0,8.7,18,Weekend,50.03500000000001
2026-05-30 19:00:00,ROAD_001,782,34.4,Medium,52.2,39.1,Moderate,18.2,0.0,8.3,19,Weekend,35.97300000000005
2026-05-30 19:00:00,ROAD_002,551,43.0,Low,37.8,32.6,Moderate,18.2,0.0,8.3,19,Weekend,40.694
2026-05-30 19:00:00,ROAD_003,538,49.0,Low,33.3,18.9,Moderate,18.2,0.0,8.3,19,Weekend,49.837999999999994
2026-05-30 20:00:00,ROAD_001,576,38.4,Low,43.1,34.1,Moderate,17.7,0.0,10.0,20,Weekend,38.079000000000036
2026-05-30 20:00:00,ROAD_002,490,39.7,Low,36.2,27.3,Moderate,17.7,0.0,10.0,20,Weekend,39.193999999999946
2026-05-30 20:00:00,ROAD_003,379,50.6,Low,29.8,23.9,Good,17.7,0.0,10.0,20,Weekend,51.118750000000006
2026-05-30 21:00:00,ROAD_001,552,41.2,Low,35.1,32.8,Moderate,14.9,0.0,8.6,21,Weekend,42.26100000000001
2026-05-30 21:00:00,ROAD_002,425,40.8,Low,30.6,21.6,Moderate,14.9,0.0,8.6,21,Weekend,40.54499999999997
2026-05-30 21:00:00,ROAD_003,328,50.6,Low,35.2,27.0,Moderate,14.9,0.0,8.6,21,Weekend,51.49566666666666
2026-05-30 22:00:00,ROAD_001,375,40.0,Low,37.4,29.4,Moderate,15.0,0.0,9.7,22,Weekend,42.160875000000026
2026-05-30 22:00:00,ROAD_002,405,42.6,Low,37.5,25.4,Moderate,15.0,0.0,9.7,22,Weekend,41.74599999999996
2026-05-30 22:00:00,ROAD_003,317,54.7,Low,33.3,16.6,Moderate,15.0,0.0,9.7,22,Weekend,53.93399999999993
2026-05-30 23:00:00,ROAD_001,388,44.6,Low,33.1,21.0,Moderate,13.8,0.0,9.8,23,Weekend,43.28800000000003
2026-05-30 23:00:00,ROAD_002,297,44.0,Low,29.6,16.5,Good,13.8,0.0,9.8,23,Weekend,44.161
2026-05-30 23:00:00,ROAD_003,229,55.0,Low,14.1,21.3,Good,13.8,0.0,9.8,23,Weekend,54.496
